date,Negative,Neutral,Positive
2010-01-31,0.16315323114395142,0.8002309799194336,0.0366157591342926
2010-05-10,0.02599772997200489,0.0696781799197197,0.9043241143226624
2010-05-27,0.06550396233797073,0.03749070689082146,0.8970053791999817
2010-07-06,0.024000519886612892,0.037465889006853104,0.9385335445404053
2010-07-14,0.9589479565620422,0.014611266553401947,0.026440836489200592
2010-07-19,0.9701219797134399,0.02031439170241356,0.009563639760017395
2010-07-27,0.02446543611586094,0.03465082868933678,0.9408837556838989
2010-08-17,0.024118419736623764,0.03537290543317795,0.9405086040496826
2010-09-13,0.03570370748639107,0.03450341150164604,0.9297930002212524
2010-09-21,0.6876497268676758,0.039386212825775146,0.2729640305042267
2010-09-27,0.9704238772392273,0.0194243174046278,0.010151833295822144
2010-09-28,0.9701789021492004,0.020321037620306015,0.009500104002654552
2010-10-07,0.9203258156776428,0.01984783262014389,0.05982634425163269
2010-10-11,0.08520963042974472,0.05707487463951111,0.8577155470848083
2010-10-12,0.9656276106834412,0.023621663451194763,0.010750703513622284
2010-10-14,0.9170995950698853,0.020166125148534775,0.06273435801267624
2010-10-18,0.039880335330963135,0.029394447803497314,0.9307251572608948
2010-10-19,0.9453616440296173,0.01396650681272149,0.040671771857887506
2010-10-20,0.04159875214099884,0.03808581829071045,0.9203154444694519
2010-11-04,0.0314442403614521,0.028566541150212288,0.9399892687797546
2010-11-08,0.9676195383071899,0.020126093178987503,0.012254314497113228
2010-11-11,0.9571868777275085,0.011093167588114738,0.03172002732753754
2010-11-16,0.9617918133735657,0.017671097069978714,0.020537015050649643
2010-11-17,0.056183602660894394,0.02673877216875553,0.9170777201652527
2010-12-01,0.028387226164340973,0.05936872586607933,0.9122440814971924
2010-12-06,0.9550333619117737,0.0249826367944479,0.019984045997262
2010-12-07,0.02518981508910656,0.07871005684137344,0.8961001038551331
2010-12-14,0.11311940103769302,0.06283513456583023,0.8240455389022827
2010-12-20,0.1779308319091797,0.05256303399801254,0.7695061564445496
2010-12-22,0.03246668353676796,0.0316479317843914,0.9358854293823242
2010-12-23,0.8963882327079773,0.023318523541092873,0.08029325306415558
2010-12-27,0.9576629996299744,0.032908983528614044,0.009428014047443867
2010-12-28,0.9631425142288208,0.02159530110657215,0.015262193977832794
2010-12-30,0.970526397228241,0.018803277984261513,0.010670446790754795
2011-01-03,0.03678017109632492,0.05771375820040703,0.9055060744285583
2011-01-04,0.026637902483344078,0.06835326552391052,0.9050087928771973
2011-01-06,0.5733054876327515,0.03338984027504921,0.39330464601516724
2011-01-11,0.10825370252132416,0.039089202880859375,0.8526571393013
2011-01-12,0.032513306476175785,0.07308576442301273,0.894400954246521
2011-01-19,0.9678984880447388,0.017772996798157692,0.014328566379845142
2011-01-20,0.9619905948638916,0.019999617710709572,0.018009783700108528
2011-01-25,0.9704388380050659,0.020120978355407715,0.00944016594439745
2011-02-07,0.028098415583372116,0.04718473553657532,0.9247168898582458
2011-02-17,0.9615652561187744,0.018665866926312447,0.019768910482525826
2011-02-22,0.9584601521492004,0.024663398042321205,0.016876516863703728
2011-03-03,0.11576155573129654,0.040365975350141525,0.8438725471496582
2011-03-08,0.024448152631521225,0.04577361047267914,0.9297782182693481
2011-03-09,0.9688408970832825,0.020197192206978798,0.0109619265422225
2011-03-10,0.9665342569351196,0.017949173226952553,0.015516532585024834
2011-03-17,0.791130781173706,0.06511814147233963,0.1437510997056961
2011-03-29,0.026880726218223572,0.5069201588630676,0.4661990702152252
2011-03-31,0.6717867652575175,0.14233587806423506,0.1858773366548121
2011-04-05,0.35699016228318214,0.5564422383904457,0.08656757324934006
2011-04-06,0.6611978933215141,0.02580613208313783,0.3129959398259719
2011-04-07,0.32806502375751734,0.2845810204744339,0.38735395297408104
2011-04-08,0.027349038049578667,0.9259166121482849,0.04673432931303978
2011-04-12,0.9239848454793295,0.04881519513825575,0.027199930666635435
2011-04-13,0.3099803186021745,0.12167396247386933,0.568345723580569
2011-04-14,0.7880112826824188,0.045541987754404545,0.1664466829970479
2011-04-15,0.6688768058083951,0.03762075528502464,0.2935024379286915
2011-04-18,0.7786063849925995,0.17829129053279757,0.04310230724513531
2011-04-19,0.5200855794052283,0.3078442985812823,0.1720701198404034
2011-04-21,0.0810287557542324,0.8114106059074402,0.10756062902510166
2011-04-29,0.09705174465974171,0.6197482546170553,0.2831999709208806
2011-05-03,0.025613460689783096,0.9299968481063843,0.04438966140151024
2011-05-09,0.014960517175495625,0.9248358607292175,0.06020365282893181
2011-05-10,0.6699618101119995,0.26862919330596924,0.06140891835093498
2011-05-16,0.9637455940246582,0.019525941461324692,0.016728497110307217
2011-05-17,0.9594460129737854,0.015035011805593967,0.025519028306007385
2011-05-18,0.10987232935925324,0.034660336251060166,0.8554672996203104
2011-05-19,0.2743251184001565,0.03336079837754369,0.6923140473663807
2011-05-23,0.959762692451477,0.0217004232108593,0.018536947667598724
2011-05-25,0.9681905508041382,0.0195329412817955,0.012276465073227882
2011-05-27,0.7295413017272949,0.050419338047504425,0.22003942728042603
2011-05-31,0.02928205579519272,0.04024301841855049,0.9304748773574829
2011-06-01,0.9635196924209595,0.027578997425734997,0.008901297580450773
2011-06-03,0.9233230352401733,0.04204955790191889,0.03462735004723072
2011-06-06,0.9643134474754333,0.023532714694738388,0.012153822928667068
2011-06-07,0.8375301957130432,0.06145482882857323,0.10101489722728729
2011-06-10,0.958044171333313,0.03292509913444519,0.00903080590069294
2011-06-15,0.958526074886322,0.02777842866877715,0.013695510725180307
2011-06-20,0.9254797101020813,0.049940941855311394,0.02457937551662326
2011-06-21,0.03776884824037552,0.08039107173681259,0.8818399906158447
2011-06-23,0.9697475433349609,0.0195915587246418,0.010660851374268532
2011-06-27,0.8016942143440247,0.050180526450276375,0.1481252685189247
2011-06-29,0.05207892134785652,0.05233586331208547,0.8955851793289185
2011-06-30,0.2566301245242357,0.04783637262880802,0.6955335289239883
2011-07-06,0.48728060722351074,0.13850606977939606,0.3742133677005768
2011-07-07,0.1901359260082245,0.033271487802267075,0.7765926122665405
2011-07-11,0.9603433609008789,0.02769903838634491,0.011957633309066296
2011-07-12,0.962722897529602,0.022040918469429016,0.015236199833452702
2011-07-14,0.19201670587062836,0.04068181291222572,0.7673014998435974
2011-07-18,0.9517498314380646,0.031323229894042015,0.016926920972764492
2011-07-19,0.04189465008676052,0.03841040376573801,0.9196949303150177
2011-07-20,0.07425320148468018,0.04320201277732849,0.8825448155403137
2011-07-21,0.06135593727231026,0.030221784487366676,0.9084222316741943
2011-08-01,0.037055909633636475,0.05901898816227913,0.9039251804351807
2011-08-02,0.956262618303299,0.03048868663609028,0.013248727191239595
2011-08-03,0.9303956627845764,0.03620126098394394,0.03340310603380203
2011-08-04,0.9610040187835693,0.03063808660954237,0.008357926737517118
2011-08-05,0.864696184794108,0.030844061945875485,0.10445975077648957
2011-08-08,0.9417188366254171,0.04575498029589653,0.01252618401000897
2011-08-09,0.6870404481887817,0.05698825791478157,0.2559712529182434
2011-08-10,0.5241732839494944,0.037036817986518145,0.43878995126578957
2011-08-11,0.7360751330852509,0.03415863774716854,0.22976621612906456
2011-08-15,0.3950076351563136,0.03360657021403313,0.571385762343804
2011-08-16,0.2100209891796112,0.11117168515920639,0.6788073778152466
2011-08-18,0.9642230868339539,0.021101711317896843,0.014675188809633255
2011-08-19,0.9440199136734009,0.037394020706415176,0.0185860525816679
2011-08-22,0.6205389151970545,0.08698540429274242,0.29247568051020306
2011-08-23,0.4474813751876354,0.14687849022448063,0.40564013458788395
2011-08-24,0.7806088328361511,0.07109415791928768,0.14829702079296112
2011-08-25,0.7413193682829539,0.05351704897152053,0.20516358388380873
2011-08-26,0.9055122137069702,0.06755831837654114,0.026929501444101334
2011-08-29,0.028341137804090977,0.055123332887887955,0.9165355563163757
2011-08-30,0.79200412829717,0.02424767737587293,0.18374823157986006
2011-09-02,0.95955491065979,0.026581199529270332,0.013863899822657308
2011-09-06,0.9611699879169464,0.024535711854696274,0.014294325606897473
2011-09-07,0.32307858765125275,0.07581509742885828,0.6011062972247601
2011-09-08,0.9543550312519073,0.03341741859912872,0.012227538973093033
2011-09-09,0.9648319005966186,0.02591007798910141,0.009258028119802475
2011-09-12,0.9578438997268677,0.029734600335359573,0.012421466410160065
2011-09-13,0.17507049441337585,0.0817272961139679,0.7432022094726562
2011-09-14,0.7405490875244141,0.03993174433708191,0.21951919794082642
2011-09-15,0.09455222636461258,0.056359692166248955,0.8490880926450094
2011-09-19,0.9400134682655334,0.030289866030216217,0.029696684330701828
2011-09-20,0.7208166718482971,0.027940730564296246,0.2512425631284714
2011-09-22,0.9681973457336426,0.020326856523752213,0.011475745588541031
2011-09-23,0.11364381015300751,0.06256735324859619,0.8237888216972351
2011-09-26,0.5151774622499943,0.12649470381438732,0.358327878639102
2011-09-27,0.7244037985801697,0.057194141671061516,0.21840205043554306
2011-09-29,0.12095209956169128,0.054663822054862976,0.8243840634822845
2011-09-30,0.9649798472722372,0.02301225687066714,0.012007893373568853
2011-10-03,0.9619613488515218,0.026227892686923344,0.011810733315845331
2011-10-04,0.9630099236965179,0.026665429584681988,0.010324654169380665
2011-10-05,0.9594074487686157,0.02101588435471058,0.01957663707435131
2011-10-06,0.5624405741691589,0.053479962050914764,0.3840794861316681
2011-10-07,0.9186415076255798,0.020465301349759102,0.06089312955737114
2011-10-10,0.09837399758398532,0.10316328629851342,0.7984627246856689
2011-10-11,0.8912211358547211,0.06344528123736382,0.04533356986939907
2011-10-12,0.39643213897943497,0.045075674230853714,0.5584921836853027
2011-10-16,0.949372410774231,0.029522785916924477,0.02110479027032852
2011-10-17,0.6774295046925545,0.04183425474911928,0.28073624381795526
2011-10-18,0.9613808691501617,0.01578892022371292,0.022830250672996044
2011-10-19,0.6052260994911194,0.055130310356616974,0.33964359760284424
2011-10-21,0.1674502119421959,0.05696737393736839,0.7755824327468872
2011-10-24,0.5281360265798867,0.10034126043319702,0.3715227097272873
2011-10-25,0.6631970405578613,0.04595678982635339,0.2908461792394519
2011-10-26,0.8877771496772766,0.042244735173881054,0.06997813424095511
2011-10-27,0.30640706419944763,0.23872651252895594,0.45486642327159643
2011-10-28,0.835787296295166,0.07799865305423737,0.086214080452919
2011-10-31,0.8889687259991964,0.06091973495980104,0.05011156853288412
2011-11-01,0.9610828161239624,0.023976178839802742,0.014940965455025434
2011-11-02,0.35311688482761383,0.3191549349576235,0.32772818952798843
2011-11-03,0.5021743848919868,0.10823524370789528,0.3895903881639242
2011-11-07,0.18265024572610855,0.3666002918034792,0.4507494270801544
2011-11-08,0.31394342333078384,0.14437606930732727,0.5416805744171143
2011-11-09,0.9542005062103271,0.021717960946261883,0.0240815170109272
2011-11-14,0.8849721550941467,0.05102171003818512,0.06400611437857151
2011-11-15,0.6264842413365841,0.188759608194232,0.18475615046918392
2011-11-16,0.9202420711517334,0.04055905248969793,0.039198825135827065
2011-11-17,0.8580397814512253,0.06433277856558561,0.07762744417414069
2011-11-20,0.9521502256393433,0.014892138540744781,0.03295772150158882
2011-11-21,0.9542844891548157,0.02774440497159958,0.017971184104681015
2011-11-22,0.6436397681633631,0.035523138319452606,0.320837131390969
2011-11-23,0.9191099007924398,0.023469869047403336,0.05742025189101696
2011-11-24,0.9228121936321259,0.038417916744947433,0.03876984864473343
2011-11-28,0.09237858280539513,0.05480652488768101,0.8528149724006653
2011-11-29,0.560088445742925,0.05758297691742579,0.3823285500208537
2011-11-30,0.3469349287736874,0.23595629059351408,0.4171087541259252
2011-12-01,0.45297399908304214,0.060841236263513565,0.4861847758293152
2011-12-02,0.1175181195139885,0.854637861251831,0.027844039723277092
2011-12-05,0.17116565257310867,0.06736524403095245,0.7614691257476807
2011-12-06,0.48743994534015656,0.14227601885795593,0.37028402648866177
2011-12-07,0.9050089716911316,0.05473294481635094,0.04025799036026001
2011-12-08,0.7317690914496779,0.0942031666636467,0.17402774700894952
2011-12-09,0.8265752196311951,0.041899558156728745,0.1315251886844635
2011-12-12,0.9565296173095703,0.024392299354076385,0.019078105688095093
2011-12-13,0.5974527262151241,0.0691034821793437,0.33344380743801594
2011-12-14,0.9516573250293732,0.029910754412412643,0.01843196013942361
2011-12-15,0.8047128319740295,0.037452466785907745,0.15783465653657913
2011-12-16,0.7733808569610119,0.0926164691336453,0.13400267343968153
2011-12-18,0.8827120065689087,0.09700111299753189,0.020286882296204567
2011-12-19,0.7031119359391076,0.13976537782166684,0.1571227139128106
2011-12-20,0.4220493507261078,0.18669231298069158,0.3912583515048027
2011-12-21,0.9504950046539307,0.026724346602956455,0.022780660539865494
2011-12-22,0.616498452052474,0.13470955602824689,0.2487919695675373
2011-12-23,0.9146920442581177,0.06433256715536118,0.020975355058908463
2011-12-25,0.6626108288764954,0.03819747641682625,0.2991917133331299
2011-12-26,0.9541228413581848,0.033782340586185455,0.0120948301628232
2011-12-27,0.6016618367284536,0.2970349467359483,0.10130320652388036
2011-12-28,0.9372608860333761,0.030576576789220173,0.03216253127902746
2011-12-29,0.6994269549846649,0.03562360815703869,0.2649494595825672
2011-12-30,0.5167884193360806,0.4510293435305357,0.03218225855380297
2012-01-02,0.9601662755012512,0.0261425469070673,0.013691060245037079
2012-01-03,0.39354032433281344,0.05037452653050423,0.5560851405995587
2012-01-04,0.9548231363296509,0.026165985502302647,0.019010862801223993
2012-01-05,0.9048769623041153,0.028121300041675568,0.06700175860896707
2012-01-06,0.9179204106330872,0.02413418795913458,0.057945373468101025
2012-01-09,0.49405287858098745,0.14904816914349794,0.3568989299237728
2012-01-10,0.49539821098248166,0.059496051321427025,0.44510572279493016
2012-01-11,0.6008183502902588,0.16542681430776915,0.2337548426973323
2012-01-12,0.5808477746322751,0.23445673286914825,0.18469549994915724
2012-01-13,0.9598585764567057,0.026561813428997993,0.013579588383436203
2012-01-16,0.4337172135710716,0.03497156593948603,0.5313113033771515
2012-01-17,0.11814732104539871,0.04340177774429321,0.8384509384632111
2012-01-18,0.48607513308525085,0.08446885831654072,0.42945602536201477
2012-01-19,0.23066801019012928,0.13805185817182064,0.6312801105280718
2012-01-20,0.23075609728693963,0.4737852461636066,0.29545863568782804
2012-01-23,0.5422716801986098,0.07107963692396879,0.3866486931219697
2012-01-24,0.4989204192534089,0.4775347216054797,0.023544870782643557
2012-01-26,0.4179648756980896,0.05489771440625191,0.5271374583244324
2012-01-30,0.960014820098877,0.02234708284959197,0.017638108227401972
2012-01-31,0.08230216801166534,0.8697429299354553,0.04795489460229874
2012-02-01,0.541371762752533,0.07806514203548431,0.3805631101131439
2012-02-02,0.2854020403077205,0.06060234053681294,0.653995618224144
2012-02-03,0.3175014878312747,0.03905468868712584,0.6434438427289327
2012-02-04,0.9220139980316162,0.03302375227212906,0.04496218264102936
2012-02-05,0.8222882151603699,0.0220827367156744,0.15562905371189117
2012-02-06,0.8945813030004501,0.044306584633886814,0.06111207464709878
2012-02-07,0.8766283392906189,0.04235986992716789,0.08101185411214828
2012-02-08,0.5051899254322052,0.052891519851982594,0.4419185668230057
2012-02-09,0.3132911908129851,0.32787427430351573,0.3588345969716708
2012-02-10,0.6594860504070917,0.06933383209009965,0.271180072799325
2012-02-12,0.23236384615302086,0.35080350935459137,0.4168326072394848
2012-02-13,0.9450863003730774,0.022988654673099518,0.03192494064569473
2012-02-14,0.6283181235194206,0.02913454733788967,0.34254737695058185
2012-02-15,0.6770342588424683,0.04794723354279995,0.27501850109547377
2012-02-16,0.6915488934942654,0.14598323591053486,0.1624678603506514
2012-02-17,0.4448610693216324,0.11022913008928299,0.4449098341166973
2012-02-19,0.9450863003730774,0.022988654673099518,0.03192494064569473
2012-02-20,0.8703823685646057,0.036608677357435226,0.0930088460445404
2012-02-21,0.8989254236221313,0.03310961090028286,0.06796499155461788
2012-02-22,0.8157146175702413,0.04069960924486319,0.14358575517932573
2012-02-23,0.3376980423927307,0.044354960322380066,0.6179470419883728
2012-02-24,0.7319584488868713,0.049367599189281464,0.2186739183962345
2012-02-26,0.8703823685646057,0.036608677357435226,0.0930088460445404
2012-02-27,0.8794335424900055,0.038638973608613014,0.08192743360996246
2012-02-28,0.4171135388314724,0.042510366067290306,0.5403760522603989
2012-02-29,0.06911847740411758,0.04170156084001064,0.8891799449920654
2012-03-05,0.9598267078399658,0.022160349413752556,0.018012959510087967
2012-03-06,0.7398463785648346,0.24429285960892835,0.01586078169445197
2012-03-07,0.07257377356290817,0.04166492447257042,0.8857613205909729
2012-03-08,0.041097212582826614,0.05212222412228584,0.906780481338501
2012-03-12,0.0755208432674408,0.8529512882232666,0.07152783870697021
2012-03-13,0.331232488155365,0.04702959954738617,0.6217379570007324
2012-03-14,0.12720675393939018,0.3632454499602318,0.5095477951690555
2012-03-15,0.42316626012325287,0.2897815629839897,0.2870521731674671
2012-03-16,0.4739186353981495,0.04019616357982159,0.4858851805329323
2012-03-19,0.12223751563578844,0.46332552190870047,0.4144369103014469
2012-03-20,0.2953865993767977,0.15631114616990088,0.5483022779226303
2012-03-21,0.06093260397513708,0.570458173751831,0.3686092446247737
2012-03-22,0.9566242098808289,0.01712888292968273,0.0262468159198761
2012-03-23,0.8832295835018158,0.04779166355729103,0.06897874921560287
2012-03-26,0.36318882182240486,0.052844965209563576,0.5839662129680315
2012-03-27,0.9411646723747253,0.025099774822592735,0.03373559191823006
2012-03-28,0.7382617592811584,0.118279536254704,0.14345869701355696
2012-03-29,0.43194700467089814,0.28777318525438506,0.2802798403427005
2012-03-30,0.6557729442914327,0.05348077416419983,0.2907463038961093
2012-04-02,0.8052676379680633,0.06217537820339203,0.13255700934678316
2012-04-03,0.5921404904996356,0.0946470033377409,0.3132124946763118
2012-04-04,0.7196288157720119,0.2280675321817398,0.052303617587313056
2012-04-05,0.7995747327804565,0.03644476396342119,0.16398048338790736
2012-04-06,0.5884267662962278,0.2775796440740426,0.1339936057726542
2012-04-08,0.15525854006409645,0.8025566935539246,0.04218469373881817
2012-04-09,0.8802410562833151,0.05195150586465994,0.0678074782093366
2012-04-10,0.8806843459606171,0.049326157197356224,0.06998947961255908
2012-04-11,0.4295012652873993,0.05219193175435066,0.5183068364858627
2012-04-13,0.35248838861783344,0.4244934233526389,0.22301815605411926
2012-04-16,0.53258853033185,0.24873663783073424,0.21867485493421554
2012-04-17,0.052574792255957924,0.6039086325714985,0.3435166155298551
2012-04-18,0.9630424380302429,0.019410138949751854,0.017547432333230972
2012-04-19,0.6116324826143682,0.1339188579004258,0.25444865180179477
2012-04-20,0.5931425392627716,0.06815028830897063,0.3387071881443262
2012-04-23,0.9037651121616364,0.05829991400241852,0.037934953812509775
2012-04-24,0.9450188279151917,0.04217350482940674,0.012807613238692284
2012-04-25,0.9198592901229858,0.034162487834692,0.04597822576761246
2012-04-26,0.4630469431479772,0.23498605067531267,0.3019670322537422
2012-04-27,0.8197435736656189,0.055283281952142715,0.12497323751449585
2012-04-30,0.7225247124830881,0.20528312244762978,0.07219221877555053
2012-05-01,0.7395300883799791,0.2419706443324685,0.018499246332794428
2012-05-02,0.4975491091609001,0.47648789547383785,0.02596296090632677
2012-05-03,0.9684004187583923,0.01995336450636387,0.011646144092082977
2012-05-08,0.08178077265620232,0.44443588703870773,0.47378334403038025
2012-05-09,0.9645722508430481,0.023547343909740448,0.011880484409630299
2012-05-11,0.9273584485054016,0.0307204220443964,0.04192112758755684
2012-05-13,0.3236022889614105,0.6455501317977905,0.03084753081202507
2012-05-14,0.9523589015007019,0.02114580851048231,0.02649527695029974
2012-05-15,0.8531185388565063,0.02258050348609686,0.1243009865283966
2012-05-16,0.2846749735375245,0.4004302906493346,0.3148947109778722
2012-05-17,0.7219707071781158,0.07564112916588783,0.2023882083594799
2012-05-21,0.4922576956450939,0.03058661427348852,0.47715570218861103
2012-05-22,0.6297578647111853,0.18739966303110123,0.18284249072894454
2012-05-23,0.9520693421363831,0.013474618084728718,0.034455958753824234
2012-05-24,0.7760239839553833,0.1922110915184021,0.0317649319767952
2012-05-29,0.8643820881843567,0.052400846499949694,0.08321709930896759
2012-06-01,0.9645770192146301,0.026602677069604397,0.008820323273539543
2012-06-04,0.8385109305381775,0.0836295826981465,0.07785946875810623
2012-06-05,0.9473667144775391,0.025518827761212986,0.027114441618323326
2012-06-06,0.12390651553869247,0.3167022779583931,0.5593911953270435
2012-06-07,0.10865713407595952,0.31603514527281124,0.575307716925939
2012-06-08,0.8255006770292918,0.07948400887350242,0.09501531378676494
2012-06-10,0.05162418261170387,0.8534566760063171,0.0949191302061081
2012-06-11,0.5342647731304169,0.030381755903363228,0.43535345047712326
2012-06-12,0.6272220313549042,0.023500746116042137,0.34927720203995705
2012-06-13,0.9472902615865072,0.016797811724245548,0.0359119533871611
2012-06-14,0.48751682857982814,0.22973824990913272,0.28274495527148247
2012-06-15,0.8399077653884888,0.037289828062057495,0.12280252575874329
2012-06-16,0.6880277991294861,0.1304224282503128,0.1815498322248459
2012-06-18,0.8110436797142029,0.02529350109398365,0.16366281360387802
2012-06-19,0.0837152348831296,0.06866259966045618,0.8476221710443497
2012-06-20,0.47465850263834,0.25971510745584964,0.26562637761235236
2012-06-21,0.9477933347225189,0.012833601329475641,0.03937307558953762
2012-06-22,0.8433840274810791,0.051859527826309204,0.10475640743970871
2012-06-24,0.1482800841331482,0.819349467754364,0.032370492815971375
2012-06-25,0.968924343585968,0.0203540176153183,0.010721612256020308
2012-06-26,0.6915201246738434,0.02776567079126835,0.2807141989469528
2012-06-27,0.5657941102981567,0.2573913037776947,0.17681464552879333
2012-06-28,0.5004626307636499,0.47511836513876915,0.02441900596022606
2012-06-29,0.5013619263966879,0.13028407345215479,0.3683539927005768
2012-07-01,0.08400179445743561,0.8759657740592957,0.04003246873617172
2012-07-02,0.5435733497142792,0.028978686779737473,0.4274479355663061
2012-07-04,0.508470868691802,0.46689516864717007,0.024633944034576416
2012-07-05,0.645155348504583,0.2997814075400432,0.05506324768066406
2012-07-08,0.34505219260851544,0.6105642716089884,0.04438354012866815
2012-07-09,0.7026060819625854,0.25976214557886124,0.03763174591585994
2012-07-10,0.5945307165384293,0.023601986467838287,0.38186728954315186
2012-07-11,0.9667306244373322,0.018849508836865425,0.014419858809560537
2012-07-12,0.9106629490852356,0.0360907344147563,0.05324631370604038
2012-07-13,0.5037012733519077,0.05873473081737757,0.4375639483332634
2012-07-15,0.2818256486207247,0.6837356686592102,0.03443869762122631
2012-07-16,0.40981770182649296,0.4843088164925575,0.10587352824707826
2012-07-17,0.6870993375778198,0.21287737786769867,0.1000233069062233
2012-07-18,0.5834936342305608,0.23304722644388676,0.18345912628703648
2012-07-19,0.15522989444434643,0.41784808691591024,0.4269220232963562
2012-07-20,0.9574863612651825,0.025735294446349144,0.016778317280113697
2012-07-22,0.07476936280727386,0.8950526714324951,0.030178003013134003
2012-07-23,0.9532846212387085,0.018348606768995523,0.028366723097860813
2012-07-25,0.8841891586780548,0.017064949497580528,0.09874588437378407
2012-07-27,0.01325672585517168,0.4577352702617645,0.5290080308914185
2012-07-30,0.47803470194339753,0.45511579439044,0.06684952303767204
2012-07-31,0.45851003006100655,0.49373915791511536,0.04775077849626541
2012-08-01,0.2011478692293167,0.7216135859489441,0.07723848521709442
2012-08-03,0.8872496485710144,0.0649501234292984,0.0478002093732357
2012-08-05,0.26535508781671524,0.4045431315898895,0.3301017265766859
2012-08-06,0.8103912472724915,0.12032098323106766,0.06928778439760208
2012-08-08,0.4804474761088689,0.43701501563191414,0.08253750329216321
2012-08-09,0.8939167559146881,0.016863969154655933,0.08921928703784943
2012-08-10,0.9599456787109375,0.023336153477430344,0.01671813614666462
2012-08-13,0.8100624680519104,0.1552921336144209,0.03464542180299759
2012-08-14,0.4561027567833662,0.0386125841178,0.5052846467588097
2012-08-15,0.9305473268032074,0.031079542823135853,0.038373184856027365
2012-08-16,0.20203398168087006,0.0408533439040184,0.7571126818656921
2012-08-20,0.8526216149330139,0.08850524574518204,0.05887320265173912
2012-08-21,0.6153355538845062,0.0440460704267025,0.3406183533370495
2012-08-22,0.09095344692468643,0.8784892559051514,0.030557269230484962
2012-08-23,0.16957500576972961,0.036923035979270935,0.7935019135475159
2012-08-24,0.2372637391090393,0.7230855524539948,0.03965073078870773
2012-08-27,0.8691855669021606,0.07976459711790085,0.05104987695813179
2012-08-28,0.5731308609247208,0.39423723705112934,0.03263191180303693
2012-08-29,0.6168250739574432,0.3092825207859278,0.07389242202043533
2012-08-30,0.9588674902915955,0.017572958022356033,0.02355964668095112
2012-09-03,0.4388723149895668,0.32116025499999523,0.2399674579501152
2012-09-04,0.9073105454444885,0.026778812520205975,0.0659107007086277
2012-09-05,0.643047163883845,0.2695471551269293,0.0874056766430537
2012-09-07,0.7386788129806519,0.053422678261995316,0.2078985720872879
2012-09-10,0.4984645051881671,0.02588812750764191,0.47564740013331175
2012-09-12,0.2850372791290283,0.04378727202614149,0.6711753954490026
2012-09-14,0.07562334463000298,0.049375711008906364,0.875000923871994
2012-09-16,0.16887102089822292,0.8050784170627594,0.026050585322082043
2012-09-17,0.9255923628807068,0.030112876556813717,0.044294762425124645
2012-09-18,0.7982748455057541,0.17904852889478207,0.022676611319184303
2012-09-19,0.8909242749214172,0.025256095454096794,0.08381963521242142
2012-09-20,0.8223880231380463,0.13933975361287593,0.038272222690284255
2012-09-21,0.8913724422454834,0.07685739547014236,0.03177014738321304
2012-09-23,0.1469026356935501,0.7827111184597015,0.0703862551599741
2012-09-24,0.9615821441014608,0.024154984081784885,0.014262885476152102
2012-09-25,0.49558339019616443,0.27873617969453335,0.22568044066429138
2012-09-27,0.923738032579422,0.013677151408046484,0.06258484534919262
2012-09-28,0.13828466832637787,0.09513574838638306,0.7665795683860779
2012-09-30,0.34572555124759674,0.5001258254051208,0.154148668050766
2012-10-01,0.42661552503705025,0.03921246528625488,0.5341720730066299
2012-10-02,0.021444588899612427,0.8775870203971863,0.10096835345029831
2012-10-03,0.8955157697200775,0.0364507669582963,0.0680334884673357
2012-10-04,0.3974718600511551,0.04331499524414539,0.5592131465673447
2012-10-05,0.41331969015300274,0.5098178312182426,0.07686246000230312
2012-10-08,0.9562581181526184,0.023654431104660034,0.020087438635528088
2012-10-09,0.030324717983603477,0.8898001909255981,0.07987512648105621
2012-10-10,0.8062292337417603,0.1627002116292715,0.031070537865161896
2012-10-11,0.18528497964143753,0.046004949137568474,0.7687100470066071
2012-10-12,0.5014274064451456,0.44372335635125637,0.05484917387366295
2012-10-14,0.13845575042068958,0.31943531334400177,0.5421089306473732
2012-10-15,0.3237513241668542,0.05576566234230995,0.6204830526063839
2012-10-16,0.46577670983970165,0.14001681189984083,0.3942064782604575
2012-10-17,0.5573717777927717,0.40749287356932956,0.035135348017017044
2012-10-18,0.6462746299803257,0.1103577446192503,0.2433676333166659
2012-10-19,0.5488009229302406,0.06769483909010887,0.38350421966363984
2012-10-22,0.03655915800482035,0.905273973941803,0.05816687922924757
2012-10-25,0.035066403448581696,0.7806745767593384,0.1842590570449829
2012-10-30,0.02896975353360176,0.8472842574119568,0.12374602258205414
2012-11-05,0.9501969516277313,0.01989350188523531,0.029909511096775532
2012-11-07,0.2926666969433427,0.6132754939608276,0.09405782865360379
2012-11-09,0.6449292215208212,0.32244101849695045,0.03262978854278723
2012-11-11,0.019921651110053062,0.6732500791549683,0.30682823061943054
2012-11-12,0.5067878067493439,0.05188623443245888,0.4413258880376816
2012-11-13,0.07857967168092728,0.4307127296924591,0.4907076060771942
2012-11-14,0.13715365901589394,0.8170455992221832,0.04580076225101948
2012-11-15,0.411295806368192,0.5542130346099535,0.03449117640654246
2012-11-20,0.031736280769109726,0.041975874453783035,0.926287829875946
2012-11-22,0.5968521386384964,0.37758550606667995,0.025562332943081856
2012-11-25,0.6136429309844971,0.3174940347671509,0.06886301189661026
2012-11-26,0.6894962787628174,0.26923561096191406,0.04126811772584915
2012-11-27,0.4848881661891937,0.12905055284500122,0.3860612213611603
2012-11-28,0.847425103187561,0.024457341991364956,0.12811753898859024
2012-12-03,0.33864036574959755,0.5505184829235077,0.1108411606401205
2012-12-04,0.4832826852798462,0.038836000487208366,0.4778813347220421
2012-12-05,0.2910480797290802,0.4965738356113434,0.2123780995607376
2012-12-07,0.8905264735221863,0.05027538910508156,0.05919814109802246
2012-12-09,0.9293831586837769,0.0484001450240612,0.022216735407710075
2012-12-10,0.874866783618927,0.024538706056773663,0.10059448471292853
2012-12-11,0.1098393127322197,0.5035172030329704,0.3866435115536054
2012-12-12,0.5438903793692589,0.07372719701379538,0.38238248229026794
2012-12-13,0.4864480970427394,0.4673797572031617,0.04617213364690542
2012-12-14,0.2804911434650421,0.1248418390750885,0.5946669578552246
2012-12-16,0.06060641258955002,0.8985074758529663,0.04088611155748367
2012-12-17,0.682071328163147,0.05223520286381245,0.2656934466212988
2012-12-18,0.09259706139564514,0.5409537836909294,0.3664491459727287
2012-12-21,0.0479687936604023,0.749955415725708,0.20207585394382477
2012-12-24,0.9633962512016296,0.02001713216304779,0.016586624085903168
2012-12-28,0.9506312608718872,0.031026765704154968,0.018341947346925735
2012-12-30,0.32901400327682495,0.6300453543663025,0.04094059020280838
2012-12-31,0.9556920528411865,0.029085498303174973,0.015222366899251938
2013-01-02,0.14282865325609842,0.318722582111756,0.5384487609068552
2013-01-06,0.8259559869766235,0.1377161741256714,0.03632783889770508
2013-01-07,0.9071586529413859,0.029264587288101513,0.06357680105914672
2013-01-08,0.5484106466174126,0.39958587368684156,0.05200345814228058
2013-01-09,0.13050264740983644,0.3359277620911598,0.5335695495208105
2013-01-10,0.4907318502664566,0.06570630148053169,0.443561851978302
2013-01-11,0.29623622447252274,0.4866501586511731,0.21711357403546572
2013-01-14,0.22707537348781312,0.4418786162776606,0.3310460352471897
2013-01-15,0.6525102280080318,0.29267710745334624,0.05481266416609287
2013-01-16,0.45088558178395033,0.47229044139385223,0.07682394422590733
2013-01-17,0.4725083938489358,0.2423537735723787,0.28513782005757093
2013-01-18,0.27949228944877785,0.3542834023634593,0.36622430632511777
2013-01-21,0.5755420923233032,0.35171693563461304,0.07274091988801956
2013-01-22,0.5402964539825916,0.3663882967084646,0.09331530146300793
2013-01-23,0.4491620440967381,0.3026397367939353,0.24819819908589125
2013-01-24,0.06024391949176788,0.9123108386993408,0.02744518220424652
2013-01-25,0.058963725343346596,0.3848707899451256,0.5561655163764954
2013-01-26,0.8730549812316895,0.0802956223487854,0.046649422496557236
2013-01-28,0.45926497504115105,0.33834389224648476,0.2023910954594612
2013-01-29,0.3751785643398762,0.486383443698287,0.13843793328851461
2013-01-30,0.8845636248588562,0.034910593181848526,0.0805257260799408
2013-01-31,0.9506311118602753,0.016117963939905167,0.03325090277940035
2013-02-01,0.11047472432255745,0.09496723301708698,0.794558048248291
2013-02-04,0.9504266977310181,0.03487664368003607,0.014696662314236164
2013-02-05,0.2032305437605828,0.3968705628067255,0.3998988661915064
2013-02-07,0.9055151343345642,0.03970493748784065,0.05477993190288544
2013-02-08,0.6207279066244761,0.04013341603179773,0.3391387276351452
2013-02-10,0.7653092741966248,0.16354601085186005,0.07114473730325699
2013-02-11,0.9592233896255493,0.02913469448685646,0.011641960591077805
2013-02-12,0.519395187497139,0.08559710718691349,0.3950076624751091
2013-02-13,0.06394761055707932,0.04030659794807434,0.8957457542419434
2013-02-14,0.9568841457366943,0.022628027945756912,0.020487749949097633
2013-02-15,0.19711995124816895,0.05916336923837662,0.7437166571617126
2013-02-18,0.03399980813264847,0.9369869232177734,0.029013264924287796
2013-02-19,0.27012670785188675,0.6813915241509676,0.04848178802058101
2013-02-20,0.9345759749412537,0.04457775875926018,0.020846327766776085
2013-02-21,0.9671679139137268,0.017335966229438782,0.01549612171947956
2013-02-22,0.767211377620697,0.04072786495089531,0.19206079840660095
2013-02-25,0.80856720606486,0.047072348495324455,0.14436043240129948
2013-02-26,0.9414622187614441,0.04485957697033882,0.013678265735507011
2013-02-27,0.36654993891716003,0.047575898468494415,0.5858741402626038
2013-02-28,0.5202726423740387,0.37288440329333145,0.10684297730525334
2013-03-01,0.9606496095657349,0.023121407255530357,0.016228976659476757
2013-03-04,0.961828351020813,0.025157742202281952,0.013013840653002262
2013-03-05,0.27145522832870483,0.5179309844970703,0.21061375737190247
2013-03-06,0.5853188037872314,0.06803115457296371,0.3466500733047724
2013-03-07,0.17029859777539968,0.6009585174421469,0.22874289378523827
2013-03-08,0.6390362083911896,0.2811373881995678,0.079826470464468
2013-03-11,0.9573861360549927,0.022030312567949295,0.020583560690283775
2013-03-12,0.6871126592159271,0.24255435292919478,0.07033295929431915
2013-03-13,0.31840717419981956,0.5543992668390274,0.12719356268644333
2013-03-15,0.9267505407333374,0.038412353644768395,0.034837122385700546
2013-03-18,0.7009897232055664,0.27363998256623745,0.0253703227887551
2013-03-19,0.42362645268440247,0.0253477543592453,0.5510258078575134
2013-03-20,0.1482759565114975,0.4511950711409251,0.4005289723475774
2013-03-21,0.9405885537465414,0.04053022991865873,0.018881239617864292
2013-03-22,0.277470238506794,0.432219710201025,0.2903100252151489
2013-03-25,0.9643428325653076,0.025961680337786674,0.00969545915722847
2013-03-26,0.9642359614372253,0.016951151192188263,0.018812822178006172
2013-03-28,0.8261905312538147,0.020093591883778572,0.15371593832969666
2013-03-31,0.8136002719402313,0.08871634677052498,0.09768340922892094
2013-04-01,0.20088326930999756,0.7513114809989929,0.04780527204275131
2013-04-02,0.2735961675643921,0.048403866589069366,0.6779999732971191
2013-04-03,0.735612541437149,0.22243927729626498,0.04194815239558617
2013-04-04,0.5656868070363998,0.05212672986090183,0.38218650221824646
2013-04-05,0.5769965797662735,0.3904053866863251,0.032598039135336876
2013-04-08,0.6960290471712748,0.17084305547177792,0.13312788866460323
2013-04-09,0.3108949065208435,0.05123140662908554,0.637873649597168
2013-04-10,0.1097681000828743,0.06556223332881927,0.8246697187423706
2013-04-12,0.9666299223899841,0.022368239238858223,0.01100187562406063
2013-04-14,0.4475913693507512,0.4971362805614869,0.055272335186600685
2013-04-15,0.9529651403427124,0.018292095512151718,0.028742754831910133
2013-04-16,0.2814972074702382,0.44010216696187854,0.2784005952998996
2013-04-17,0.7660318206995725,0.20823122058063745,0.02573695881292224
2013-04-18,0.7792043775320053,0.08777872696518899,0.1330169165506959
2013-04-19,0.7448787689208984,0.04478555917739868,0.2103356420993805
2013-04-21,0.9505525231361389,0.0293304231017828,0.020117051899433136
2013-04-22,0.7045767605304718,0.11609495989978313,0.17932822182774544
2013-04-23,0.9420456886291504,0.029965048655867577,0.027989232912659645
2013-04-24,0.8885898590087891,0.02758587710559368,0.08382430672645569
2013-04-25,0.5245867744088173,0.355207746848464,0.12020549178123474
2013-04-26,0.9571756720542908,0.02793061174452305,0.01489365566521883
2013-04-28,0.3822377398610115,0.40366587322205305,0.21409638226032257
2013-04-29,0.1099823396652937,0.4812218137085438,0.40879587456583977
2013-04-30,0.9331298470497131,0.022724628448486328,0.044145502150058746
2013-05-02,0.5803026879827181,0.308112770318985,0.11158456653356552
2013-05-03,0.7017556428909302,0.24784323573112488,0.05040112882852554
2013-05-06,0.9491193294525146,0.027396012097597122,0.02348471526056528
2013-05-07,0.4344691336154938,0.25546561429897946,0.31006522725025815
2013-05-09,0.04285355284810066,0.07012229412794113,0.8870241641998291
2013-05-10,0.26692452281713486,0.136778449639678,0.5962970107793808
2013-05-13,0.7597883641719818,0.12927462998777628,0.11093695927411318
2013-05-14,0.4806763529777527,0.06493380665779114,0.4543897807598114
2013-05-15,0.5369138121604919,0.06605678051710129,0.39702939987182617
2013-05-17,0.9073755741119385,0.02543044649064541,0.06719402968883514
2013-05-21,0.5306757390499115,0.4326994437724352,0.036624772008508444
2013-05-22,0.6173239946365356,0.047302450984716415,0.33537349104881287
2013-05-23,0.6499454391499361,0.2810708973556757,0.0689836423844099
2013-05-26,0.033696260303258896,0.8974217176437378,0.0688820481300354
2013-05-28,0.019536862149834633,0.5652395486831665,0.4152236580848694
2013-05-29,0.960102093219757,0.020323653519153596,0.01957424934953451
2013-05-30,0.785944402217865,0.03995074890553951,0.1741048563271761
2013-05-31,0.9536874294281006,0.02822675183415413,0.018085746094584465
2013-06-03,0.929466962814331,0.030708007514476776,0.0398250138387084
2013-06-04,0.9010294675827026,0.06243468075990677,0.03653588145971298
2013-06-05,0.5119696417823434,0.43173157097771764,0.056298766983672976
2013-06-06,0.9001588225364685,0.07233818620443344,0.02750295214354992
2013-06-07,0.26346462965011597,0.6363412737846375,0.10019411146640778
2013-06-12,0.84441739320755,0.13488170504570007,0.020700886845588684
2013-06-14,0.3508981466293335,0.06728318333625793,0.5818186402320862
2013-06-15,0.21438288688659668,0.7521794438362122,0.03343771770596504
2013-06-16,0.9311303496360779,0.04513023421168327,0.023739395663142204
2013-06-18,0.4154069274663925,0.45830540731549263,0.12628765404224396
2013-06-19,0.0650344043970108,0.8861865699291229,0.048779020085930824
2013-06-20,0.041021399199962616,0.05831195414066315,0.9006665945053101
2013-06-21,0.6809214306995273,0.06997229717671871,0.2491063205525279
2013-06-24,0.9507637917995453,0.031336295418441296,0.017899944446980953
2013-06-25,0.45819903165102005,0.050670478492975235,0.4911304600536823
2013-06-28,0.9566503763198853,0.02260509692132473,0.02074451744556427
2013-06-30,0.07928893715143204,0.6740375757217407,0.24667352437973022
2013-07-03,0.905603438615799,0.052175321616232395,0.04222126957029104
2013-07-05,0.4386031925678253,0.0466146320104599,0.5147821307182312
2013-07-08,0.09917227551341057,0.3445911879340808,0.5562365526954333
2013-07-09,0.49480123817920685,0.4739057905972004,0.03129293862730265
2013-07-10,0.38092702999711037,0.49106820672750473,0.1280047269538045
2013-07-11,0.3508889675140381,0.2921979706734419,0.3569130450487137
2013-07-12,0.428523072352012,0.16934990882873535,0.40212702254454297
2013-07-14,0.5248278602957726,0.3915221095085144,0.08365005068480968
2013-07-15,0.21683720499277115,0.08448594808578491,0.6986767947673798
2013-07-16,0.23425641655921936,0.6972659826278687,0.06847762875258923
2013-07-17,0.6953257396817207,0.06443088770740563,0.2402433781988091
2013-07-18,0.7493639290332794,0.073676822707057,0.17695920541882515
2013-07-19,0.14029012732207774,0.5179610483348369,0.3417488381266594
2013-07-21,0.39668942987918854,0.5570157915353775,0.046294739469885826
2013-07-22,0.44518970139324665,0.06882246509194374,0.485987838730216
2013-07-23,0.49326491355895996,0.03030536137521267,0.4764297902584076
2013-07-24,0.6718202978372574,0.029662545304745436,0.2985171899199486
2013-07-25,0.9381934404373169,0.024353098589926958,0.03745348285883665
2013-07-26,0.09101984649896622,0.031574834138154984,0.8774054050445557
2013-07-29,0.9461494088172913,0.03252663370221853,0.021324006840586662
2013-07-30,0.5646346434950829,0.052799247205257416,0.38256611907854676
2013-07-31,0.06616765260696411,0.16862568259239197,0.7652067542076111
2013-08-01,0.5175371915102005,0.25633953139185905,0.22612331062555313
2013-08-02,0.67421555519104,0.04898860305547714,0.27679589204490185
2013-08-04,0.4131610691547394,0.5435293167829514,0.04330961033701897
2013-08-07,0.4439643360674381,0.3719941368326545,0.18404156086035073
2013-08-08,0.12083066254854202,0.041005492210388184,0.8381638526916504
2013-08-09,0.40873968601226807,0.05574370548129082,0.535516619682312
2013-08-12,0.915717750787735,0.035572788678109646,0.0487094409763813
2013-08-14,0.8871595859527588,0.0430919099599123,0.06974849663674831
2013-08-15,0.834710419178009,0.12766305916011333,0.03762650955468416
2013-08-16,0.7886390089988708,0.10634659975767136,0.10501438565552235
2013-08-18,0.4719037413597107,0.44619426131248474,0.08190207183361053
2013-08-20,0.7236639161904653,0.20061094872653484,0.07572512111316125
2013-08-21,0.9414704442024231,0.03874560259282589,0.019783988129347563
2013-08-22,0.22072287648916245,0.20965068694204092,0.5696264072321355
2013-08-26,0.9614714980125427,0.02046472765505314,0.018063755705952644
2013-08-27,0.9559082587560018,0.027036883557836216,0.01705484837293625
2013-08-28,0.02641885355114937,0.9289407134056091,0.044640444219112396
2013-08-29,0.060162320733070374,0.8916674256324768,0.04817020148038864
2013-08-30,0.8148874044418335,0.16339712589979172,0.021715527400374413
2013-09-01,0.5434104204177856,0.2204175665974617,0.23617200925946236
2013-09-03,0.4559557152291139,0.48934804896513623,0.05469620476166407
2013-09-08,0.4881689250469208,0.07906164228916168,0.43276944756507874
2013-09-10,0.2623725414276123,0.3778539415448904,0.3597735235467553
2013-09-11,0.7467223604520162,0.1461729034781456,0.10710473358631134
2013-09-12,0.6510813802480697,0.28955918699502947,0.059359419904649255
2013-09-13,0.07682427763938904,0.863332986831665,0.05984267219901085
2013-09-15,0.2421273486688733,0.2795191053301096,0.478353526443243
2013-09-17,0.3714462574571371,0.49388279020786285,0.1346709169447422
2013-09-18,0.026558730751276016,0.9477919340133667,0.025649338960647583
2013-09-20,0.31909579038619995,0.6520058512687683,0.028898397460579872
2013-09-23,0.803264319896698,0.1656903177499771,0.031045421957969666
2013-09-24,0.9031417965888977,0.05698349792510271,0.03987471479922533
2013-09-25,0.4938647821545601,0.47779248282313347,0.02834272012114525
2013-09-27,0.4485698640346527,0.5302002429962158,0.021229863166809082
2013-09-30,0.9430505633354187,0.04059641622006893,0.016353010199964046
2013-10-01,0.23793578147888184,0.6959310173988342,0.06613320857286453
2013-10-02,0.019906865432858467,0.8982008099555969,0.08189239352941513
2013-10-03,0.17044013645499945,0.8001843094825745,0.029375582933425903
2013-10-04,0.5299457274377346,0.4345373110845685,0.0355169870890677
2013-10-06,0.09231867641210556,0.8603124916553497,0.0473688505589962
2013-10-08,0.6891311183571815,0.23693980928510427,0.07392906537279487
2013-10-09,0.9616835713386536,0.028651785105466843,0.009664597921073437
2013-10-10,0.44364771246910095,0.08769312500953674,0.4686591625213623
2013-10-13,0.21040412286917368,0.6496810019016266,0.13991486032803854
2013-10-14,0.6565785532196363,0.10421985511978467,0.23920158793528876
2013-10-15,0.44174256920814514,0.433298010379076,0.12495943903923035
2013-10-16,0.4829032604272167,0.1675466519470016,0.3495500960076849
2013-10-17,0.4391565974801779,0.1368822604417801,0.42396118864417076
2013-10-18,0.11206711083650589,0.7401580810546875,0.1477748453617096
2013-10-20,0.42396607995033264,0.5370814204216003,0.03895247355103493
2013-10-21,0.4736041973034541,0.40963877861698467,0.11675704643130302
2013-10-22,0.39858205523341894,0.3607670981436968,0.24065082566812634
2013-10-23,0.9591314792633057,0.030057214200496674,0.01081128790974617
2013-10-24,0.5994576625525951,0.06629755068570375,0.3342448160983622
2013-10-25,0.6295174782474836,0.3150189717610677,0.05546356737613678
2013-10-28,0.11674277484416962,0.10201803594827652,0.7812392711639404
2013-10-30,0.5700899809598923,0.0429815286770463,0.3869284735992551
2013-10-31,0.9089071750640869,0.05888622626662254,0.03220660239458084
2013-11-01,0.9030434489250183,0.06379517912864685,0.033161427825689316
2013-11-04,0.32337575405836105,0.5703517347574234,0.10627251490950584
2013-11-07,0.47935521742329,0.09824398905038834,0.4224007986485958
2013-11-12,0.9479168057441711,0.028203455731272697,0.023879708722233772
2013-11-13,0.49541512690484524,0.1936476193368435,0.31093722209334373
2013-11-16,0.24553748965263367,0.6906089186668396,0.06385359913110733
2013-11-18,0.040848515927791595,0.06807021051645279,0.8910813927650452
2013-11-19,0.9590333104133606,0.021432707086205482,0.019533971324563026
2013-11-20,0.8127449750900269,0.02042401395738125,0.16683100163936615
2013-11-24,0.3794766664505005,0.3745940625667572,0.2459292858839035
2013-11-27,0.6094954460859299,0.3255084231495857,0.06499611958861351
2013-12-03,0.9213330149650574,0.05068699270486832,0.02797999419271946
2013-12-10,0.4884263603016734,0.47446304000914097,0.037110534962266684
2013-12-11,0.28046715259552,0.6321176886558533,0.0874151960015297
2013-12-13,0.17107963785529137,0.3776089422404766,0.4513114169239998
2013-12-15,0.8017877340316772,0.1500869244337082,0.0481252484023571
2013-12-16,0.9497038722038269,0.040241945534944534,0.010054148733615875
2013-12-17,0.6286585330963135,0.1488933265209198,0.22244811058044434
2013-12-18,0.0747388955205679,0.833324134349823,0.09193695709109306
2013-12-20,0.378266379237175,0.5402608985702196,0.08147269363204639
2013-12-23,0.3630717992782593,0.065660260617733,0.5712679028511047
2013-12-27,0.023188386112451553,0.932288408279419,0.04452325031161308
2014-01-02,0.8425021767616272,0.04970229044556618,0.10779553279280663
2014-01-05,0.037914734333753586,0.8522204756736755,0.10986477136611938
2014-01-07,0.1375016582508882,0.5506443878014883,0.31185394028822583
2014-01-08,0.17652474343776703,0.17140255868434906,0.6520726680755615
2014-01-09,0.7831314206123352,0.08162370324134827,0.13524489104747772
2014-01-10,0.05270126461982727,0.9148291349411011,0.03246958553791046
2014-01-12,0.3504724434266488,0.37055955765148,0.27896801723788184
2014-01-13,0.8243938386440277,0.04186476611842712,0.13374141262223324
2014-01-14,0.45320508535951376,0.05162053555250168,0.4951744023710489
2014-01-15,0.3652323790722423,0.2617322504520416,0.373035352366666
2014-01-16,0.4274062414187938,0.2387520840857178,0.333841681946069
2014-01-17,0.5906643569469452,0.2623672802001238,0.14696834050118923
2014-01-18,0.11985822021961212,0.7434796094894409,0.13666221499443054
2014-01-21,0.34481652081012726,0.3800814747810364,0.27510193549096584
2014-01-23,0.7563113470872244,0.18519497849047184,0.05849370577683052
2014-01-24,0.05131375789642334,0.3783471882343292,0.570339024066925
2014-01-27,0.05201241746544838,0.8604192733764648,0.0875682532787323
2014-01-28,0.3457281980663538,0.351647370805343,0.30262443112830323
2014-01-29,0.49786352179944515,0.28431233018636703,0.21782414405606687
2014-01-30,0.45193690061569214,0.07392333447933197,0.4741397202014923
2014-02-04,0.04531722515821457,0.8292862772941589,0.1253964751958847
2014-02-05,0.18577389419078827,0.763282835483551,0.05094333738088608
2014-02-07,0.34107494354248047,0.4279342293739319,0.23099081218242645
2014-02-09,0.1621559113264084,0.7783523201942444,0.059491757303476334
2014-02-10,0.027212463319301605,0.9078608155250549,0.06492673978209496
2014-02-11,0.09458109736442566,0.8411715626716614,0.06424730271100998
2014-02-14,0.7024563252925873,0.26490917056798935,0.032634527422487736
2014-02-20,0.9112008810043335,0.022047745995223522,0.06675129616633058
2014-02-26,0.8717973232269287,0.030678446404635906,0.09752420149743557
2014-03-03,0.9567315578460693,0.02864629402756691,0.014622160699218512
2014-03-04,0.21638603881001472,0.6042725356916586,0.17934143046538034
2014-03-05,0.9331529140472412,0.0368826761841774,0.029964372515678406
2014-03-11,0.6691177661220232,0.3101538084447384,0.020728403391937416
2014-03-14,0.1177273616194725,0.830051839351654,0.05222076736390591
2014-03-17,0.17299522832036018,0.11973937787115574,0.7072654366493225
2014-03-24,0.7288366556167603,0.2199542224407196,0.05120910331606865
2014-03-25,0.20965071022510529,0.7117593288421631,0.07858999073505402
2014-03-26,0.04210830666124821,0.50005067512393,0.45784102007746696
2014-03-27,0.8393919765949249,0.07614126242697239,0.08446674793958664
2014-03-28,0.9407626986503601,0.03556358814239502,0.02367371879518032
2014-03-30,0.7120598554611206,0.2425384819507599,0.04540162906050682
2014-04-02,0.20017723739147186,0.7568339109420776,0.042988866567611694
2014-04-06,0.021502044051885605,0.9412329792976379,0.03726497292518616
2014-04-07,0.5523944720625877,0.3946534711867571,0.05295204371213913
2014-04-09,0.03288045525550842,0.7662765979766846,0.20084288716316223
2014-04-10,0.6821837723255157,0.2921787202358246,0.02563751209527254
2014-04-11,0.02970277890563011,0.9354614019393921,0.03483576700091362
2014-04-14,0.8204928636550903,0.02513488195836544,0.15437228977680206
2014-04-15,0.04483083635568619,0.6344811916351318,0.3206878900527954
2014-04-16,0.3321368396282196,0.2873471397906542,0.3805160392075777
2014-04-17,0.24375997949391603,0.4472244530916214,0.30901557207107544
2014-04-20,0.28198444843292236,0.4861903786659241,0.23182515799999237
2014-04-21,0.23503637686371803,0.5938023552298546,0.17116126231849194
2014-04-28,0.931267499923706,0.059301555156707764,0.009431043639779091
2014-04-29,0.33050087094306946,0.6240170001983643,0.04548212140798569
2014-05-05,0.6090005449950695,0.1918881987221539,0.1991113042458892
2014-05-08,0.9408296942710876,0.04689454287290573,0.01227577030658722
2014-05-27,0.6532121300697327,0.2084795981645584,0.13830818235874176
2014-05-28,0.07364486902952194,0.8727385997772217,0.053616490215063095
2014-06-05,0.6875127553939819,0.27990859746932983,0.03257855772972107
2014-06-06,0.6836313903331757,0.22370263189077377,0.0926659470424056
2014-06-09,0.016594961285591125,0.6887281537055969,0.29467689990997314
2014-06-11,0.19059017673134804,0.736028254032135,0.07338156923651695
2014-06-16,0.02506656013429165,0.4423086643218994,0.5326247811317444
2014-06-20,0.4946854989975691,0.260429791174829,0.24488469865173101
2014-06-26,0.5976055786013603,0.3812671070918441,0.021127290790900588
2014-06-30,0.024199647828936577,0.03459493815898895,0.9412053823471069
2014-07-10,0.49790870770812035,0.4369011353701353,0.06519017368555069
2014-07-14,0.9571122825145721,0.021005308255553246,0.02188241481781006
2014-07-15,0.6450879848562181,0.15502339974045753,0.19988862005993724
2014-07-16,0.2544090900570154,0.4222116334363818,0.32337926924228666
2014-07-17,0.32895602006465197,0.4091416862793267,0.2619022657163441
2014-07-18,0.5628507509827614,0.10782755352556705,0.32932171132415533
2014-07-21,0.9650903940200806,0.025531886145472527,0.009377744048833847
2014-07-22,0.4655723621447881,0.4743060866991679,0.06012151266137759
2014-07-24,0.6443939656019211,0.278212184086442,0.07739381399005651
2014-07-30,0.4502924382686615,0.5029887557029724,0.04671873897314072
2014-08-03,0.02685963176190853,0.886738657951355,0.08640167862176895
2014-08-05,0.490567522123456,0.49074600264430046,0.01868648873642087
2014-08-06,0.06810213625431061,0.1261884868144989,0.8057094216346741
2014-08-07,0.560849666595459,0.3700469732284546,0.06910335272550583
2014-08-08,0.024664374068379402,0.05972298979759216,0.9156125783920288
2014-08-11,0.03991154953837395,0.7671751976013184,0.1929132640361786
2014-08-13,0.03527608886361122,0.9378758072853088,0.02684812620282173
2014-08-15,0.6914240121841431,0.28263478074222803,0.025941229425370693
2014-08-18,0.03543151542544365,0.9434623718261719,0.0211060531437397
2014-08-19,0.019913112744688988,0.9250428676605225,0.055043984204530716
2014-08-20,0.21500920690596104,0.665912389755249,0.11907842569053173
2014-08-21,0.21386033793290457,0.1278564209739367,0.6582832038402557
2014-08-22,0.24470331954459348,0.49383526543776196,0.26146141439676285
2014-08-23,0.614582896232605,0.31499671936035156,0.0704202875494957
2014-08-24,0.49238044023513794,0.35871627926826477,0.14890322089195251
2014-08-27,0.059037260400752224,0.7948152224222819,0.14614753673473993
2014-09-02,0.34021645598113537,0.6323675513267517,0.027415964752435684
2014-09-04,0.3011899311095476,0.6640007644891739,0.03480935376137495
2014-09-08,0.3574207127094269,0.6004661917686462,0.04211311414837837
2014-09-10,0.020726481452584267,0.9113922119140625,0.06788130104541779
2014-09-16,0.0688697099685669,0.878690242767334,0.05244002491235733
2014-09-19,0.2848403826355934,0.6435737609863281,0.07158585637807846
2014-09-21,0.03444274142384529,0.043411485850811005,0.9221457839012146
2014-09-23,0.012339536100625992,0.2536923289299011,0.7339680790901184
2014-09-24,0.04268775135278702,0.9231573343276978,0.03415491059422493
2014-09-25,0.101802296936512,0.8729661107063293,0.02523159794509411
2014-09-26,0.7272023558616638,0.1900579333305359,0.08273973315954208
2014-09-28,0.0643368810415268,0.8871240019798279,0.048539113253355026
2014-09-29,0.6702024042606354,0.280312392860651,0.04948520474135876
2014-10-01,0.08761190623044968,0.5116015076637268,0.40078654885292053
2014-10-03,0.13701169937849045,0.7966583967208862,0.06632987223565578
2014-10-05,0.15330614149570465,0.783461332321167,0.06323257088661194
2014-10-06,0.10143886506557465,0.8664687275886536,0.03209242597222328
2014-10-07,0.5935445949435234,0.039439788088202477,0.36701564583927393
2014-10-08,0.019733760505914688,0.8725422620773315,0.10772404074668884
2014-10-10,0.027186043560504913,0.9450485110282898,0.0277654230594635
2014-10-13,0.08253517001867294,0.06063348427414894,0.8568313717842102
2014-10-14,0.036338573321700096,0.48260063771158457,0.4810608085244894
2014-10-15,0.8842058777809143,0.022177082176009815,0.09361705308159192
2014-10-16,0.3652631863951683,0.13968454425533613,0.4950522941847642
2014-10-17,0.10447324812412262,0.021006623283028603,0.8745200634002686
2014-10-21,0.2441348135471344,0.6824010014533997,0.07346424460411072
2014-10-22,0.15104296803474426,0.36615829169750214,0.4827987477183342
2014-10-26,0.11433380097150803,0.7285618185997009,0.1571044772863388
2014-10-29,0.04735088720917702,0.6053224802017212,0.3473266363143921
2014-11-03,0.20103943347930908,0.12697117030620575,0.6719894409179688
2014-11-04,0.8423474431037903,0.11707001179456711,0.04058258235454559
2014-11-06,0.7942245006561279,0.1888140787680944,0.016961404743293922
2014-11-07,0.9742072224617004,0.017245342954993248,0.008547450415790081
2014-11-10,0.39283308386802673,0.5790303349494934,0.028136534616351128
2014-11-11,0.04109025001525879,0.8863751292228699,0.07253459841012955
2014-11-12,0.611611545085907,0.3523223102092743,0.03606617450714111
2014-11-14,0.3957494044055541,0.44535678749283153,0.158893800030152
2014-11-16,0.14014814794063568,0.4788717031478882,0.3809802532196045
2014-11-17,0.012660724110901356,0.6876627206802368,0.29967647790908813
2014-11-18,0.6902185082435608,0.2759701609611511,0.03381132334470749
2014-11-21,0.27473777532577515,0.6763278245925903,0.04893439635634422
2014-11-22,0.5077122449874878,0.43262141942977905,0.05966630205512047
2014-11-27,0.4530547559261322,0.4948095977306366,0.052135590463876724
2014-12-01,0.8366824984550476,0.14249414205551147,0.020823340862989426
2014-12-02,0.7971755862236023,0.18572518229484558,0.017099125310778618
2014-12-03,0.14062908291816711,0.8153589963912964,0.04401198402047157
2014-12-05,0.36884745955467224,0.1168709471821785,0.5142815709114075
2014-12-08,0.47803089022636414,0.4818006455898285,0.040168456733226776
2014-12-09,0.4986681966111064,0.4692338639870286,0.03209796198643744
2014-12-10,0.05879340320825577,0.9067577123641968,0.03444889560341835
2014-12-12,0.06290687620639801,0.8140842318534851,0.12300887703895569
2014-12-23,0.5032053589820862,0.47162240743637085,0.025172313675284386
2014-12-29,0.06495659053325653,0.9061552286148071,0.02888813614845276
2014-12-31,0.38989946246147156,0.5813380479812622,0.02876247465610504
2015-01-05,0.22472412884235382,0.7379150390625,0.03736083209514618
2015-01-07,0.25404617190361023,0.712341845035553,0.033611953258514404
2015-01-09,0.32061414420604706,0.40823034197092056,0.27115555355946225
2015-01-12,0.9547871351242065,0.02638326585292816,0.018829626962542534
2015-01-13,0.5926523655653,0.087661013007164,0.31968663446605206
2015-01-15,0.6388648148626089,0.29725808203220366,0.06387710850685835
2015-01-16,0.7595023065805435,0.061627864837646484,0.17886984173674136
2015-01-18,0.42383304486672085,0.46487171078721684,0.11129522820313771
2015-01-20,0.023036882281303406,0.8971750140190125,0.07978811860084534
2015-01-21,0.04075056314468384,0.8851640224456787,0.07408542931079865
2015-01-22,0.9138034582138062,0.019448958337306976,0.06674759089946747
2015-01-23,0.9267828464508057,0.05830984376370907,0.014907331205904484
2015-01-25,0.03605252597481012,0.791940301656723,0.17200721334666014
2015-01-27,0.09070518054068089,0.20387116074562073,0.7054236233234406
2015-01-28,0.2822575569152832,0.6899728178977966,0.02776966243982315
2015-01-29,0.0293746218085289,0.8963112831115723,0.07431402802467346
2015-01-31,0.13417525589466095,0.8190527558326721,0.04677202180027962
2015-02-02,0.4804232567548752,0.45290200412273407,0.0666747484356165
2015-02-03,0.3850507438182831,0.5052445530891418,0.10970473289489746
2015-02-04,0.4994814991950989,0.4707179367542267,0.029800524935126305
2015-02-08,0.06664890050888062,0.8429578542709351,0.09039325267076492
2015-02-09,0.11601471404234569,0.8051625291506449,0.07882276922464371
2015-02-15,0.09307844936847687,0.6735513210296631,0.23337024450302124
2015-02-17,0.5853958502411842,0.3828599667176604,0.0317442137748003
2015-02-18,0.014116554521024227,0.5012996792793274,0.48458385467529297
2015-02-19,0.3204953446984291,0.6306950648625692,0.04880960720280806
2015-02-23,0.06348974257707596,0.8684002757072449,0.0681099221110344
2015-02-25,0.4128829836845398,0.5644366145133972,0.022680431604385376
2015-02-26,0.35501275956630707,0.3940187506377697,0.2509684870019555
2015-02-27,0.1672172099351883,0.6046597361564636,0.2281229943037033
2015-03-01,0.059930622577667236,0.7656416296958923,0.17442774772644043
2015-03-03,0.3055979604832828,0.3633439689874649,0.3310580775141716
2015-03-04,0.3245548214763403,0.6343727707862854,0.04107242822647095
2015-03-10,0.09410861134529114,0.8228404521942139,0.08305101096630096
2015-03-11,0.5391566887497902,0.1430788893252611,0.3177644141018391
2015-03-12,0.01489818561822176,0.10902310907840729,0.8760786056518555
2015-03-15,0.5492412696282069,0.3657567823926608,0.08500195915500323
2015-03-16,0.6221490502357483,0.11716924607753754,0.26068171858787537
2015-03-17,0.962722659111023,0.027497919276356697,0.009779415093362331
2015-03-18,0.4846016764640808,0.45618873834609985,0.05920960754156113
2015-03-19,0.49613237008452415,0.16802105121314526,0.3358465535566211
2015-03-20,0.21846545021981,0.3746863305568695,0.4068482033908367
2015-03-22,0.2500835061073303,0.03867461532354355,0.7112419605255127
2015-03-23,0.738491435845693,0.23315668106079102,0.028351938351988792
2015-03-24,0.035466404631733894,0.8612024784088135,0.10333109088242054
2015-03-25,0.08501731604337692,0.8522419929504395,0.06274067610502243
2015-03-26,0.743941992521286,0.16341953724622726,0.09263847582042217
2015-03-27,0.09834392368793488,0.5404143494864305,0.3612417057156563
2015-03-29,0.9569810628890991,0.0309278704226017,0.012091088108718395
2015-03-30,0.05408475175499916,0.8836203217506409,0.062294911593198776
2015-03-31,0.4711714595556259,0.3454578846693039,0.18337065894156696
2015-04-01,0.33394380907217663,0.5551272730032603,0.11092897473524015
2015-04-02,0.22148719802498817,0.7470567226409912,0.03145610075443983
2015-04-03,0.14324237406253815,0.7421786785125732,0.11457895487546921
2015-04-07,0.8425229787826538,0.026458069682121277,0.13101890683174133
2015-04-08,0.02934886794537306,0.6819966286420822,0.28865453973412514
2015-04-09,0.5302181243896484,0.4214124083518982,0.04836944863200188
2015-04-10,0.9557719826698303,0.020779762417078018,0.023448225110769272
2015-04-12,0.41976654529571533,0.5319504141807556,0.04828302189707756
2015-04-13,0.4960636645555496,0.44698670506477356,0.0569496750831604
2015-04-14,0.4061910893768072,0.3725833611562848,0.22122557554394007
2015-04-15,0.9540824691454569,0.019207964340845745,0.0267095851401488
2015-04-16,0.44915148119131726,0.4053856860846281,0.14546279174586138
2015-04-17,0.023697564378380775,0.05253950506448746,0.9237630367279053
2015-04-19,0.48342984495684505,0.2481603166088462,0.2684098077006638
2015-04-21,0.2072553038597107,0.6612277825673422,0.13151689432561398
2015-04-22,0.40448152436874807,0.4660618435591459,0.1294566122815013
2015-04-23,0.6210824549198151,0.32750194892287254,0.0514155775308609
2015-04-27,0.0536342840641737,0.6198065628608068,0.3265591499706109
2015-04-29,0.7954241633415222,0.12984454383452734,0.07473132200539112
2015-04-30,0.3015546215077241,0.5029635429382324,0.19548181754847369
2015-05-03,0.10058192163705826,0.8469467759132385,0.05247126892209053
2015-05-04,0.05066514387726784,0.8981404304504395,0.051194485276937485
2015-05-05,0.047281768172979355,0.8505315184593201,0.10218669474124908
2015-05-06,0.3462902903556824,0.5403597056865692,0.11335006169974804
2015-05-07,0.4366970732808113,0.5234050899744034,0.03989781625568867
2015-05-08,0.41122103575617075,0.2637177457412084,0.3250612330933412
2015-05-10,0.038654256612062454,0.07426729053258896,0.8870784044265747
2015-05-11,0.18374904617667198,0.672125905752182,0.1441250815987587
2015-05-12,0.19863522052764893,0.7702287435531616,0.031136076897382736
2015-05-13,0.2859538495540619,0.04834584891796112,0.6657002568244934
2015-05-15,0.4119751652081807,0.4823832834760348,0.10564153144756953
2015-05-19,0.578191007177035,0.39255113651355106,0.02925782495488723
2015-05-20,0.8045306205749512,0.1557319639250636,0.039737431332468987
2015-05-21,0.15214250329881907,0.6045051515102386,0.24335229769349098
2015-05-22,0.9689231514930725,0.021929165348410606,0.009147780947387218
2015-05-24,0.051880259066820145,0.9032113552093506,0.044908396899700165
2015-05-25,0.6799959540367126,0.27422380447387695,0.04578033462166786
2015-05-26,0.5087305332223574,0.3107621582845847,0.18050729235013327
2015-05-27,0.5196363533226153,0.2906577109048764,0.18970592444141707
2015-05-28,0.22850758209824562,0.7206525504589081,0.05083981901407242
2015-05-29,0.24893729388713837,0.4425743818283081,0.30848824977874756
2015-05-31,0.24148620571941137,0.556258924305439,0.20225483924150467
2015-06-02,0.0370342843234539,0.03885788470506668,0.9241079092025757
2015-06-03,0.4735904633998871,0.49764224886894226,0.028767379000782967
2015-06-04,0.4992805542424321,0.47406851034611464,0.026650882326066494
2015-06-07,0.14287303605427346,0.7707305351893107,0.086396391193072
2015-06-09,0.4906104877591133,0.44464172422885895,0.06474780663847923
2015-06-11,0.010926716029644012,0.6281214356422424,0.36095190048217773
2015-06-17,0.06929739564657211,0.6968981027603149,0.23380447924137115
2015-06-21,0.24264739453792572,0.6925428509712219,0.06480976194143295
2015-06-22,0.01062985509634018,0.5075216889381409,0.4818483889102936
2015-06-24,0.07256714068353176,0.4657292366027832,0.4617036432027817
2015-06-25,0.0404740609228611,0.9163483381271362,0.04317761957645416
2015-06-26,0.029530828818678856,0.9183403849601746,0.05212880298495293
2015-06-29,0.10313502699136734,0.6420049667358398,0.25485995411872864
2015-06-30,0.9534915685653687,0.033138711005449295,0.013369696214795113
2015-07-02,0.23573721200227737,0.44877414032816887,0.31548861786723137
2015-07-03,0.2674071788787842,0.7066242694854736,0.025968605652451515
2015-07-05,0.5511526465415955,0.41686776280403137,0.03197966888546944
2015-07-06,0.025954604148864746,0.8510264158248901,0.12301904708147049
2015-07-08,0.7259262601534525,0.057778497536977134,0.21629527335365614
2015-07-09,0.9703467488288879,0.018415257334709167,0.011238017119467258
2015-07-10,0.19174256920814514,0.054298557341098785,0.7539589405059814
2015-07-11,0.08138424158096313,0.8288149833679199,0.08980076014995575
2015-07-12,0.3181752860546112,0.2661783769726753,0.41564635932445526
2015-07-13,0.9667003750801086,0.02280709706246853,0.010492526926100254
2015-07-14,0.14141419529914856,0.7911028861999512,0.06748289614915848
2015-07-15,0.2554238927550614,0.07614132389426231,0.6684347800910473
2015-07-16,0.3503908943384886,0.5674176942557096,0.08219138346612453
2015-07-17,0.5346888527274132,0.13843928650021553,0.3268719017505646
2015-07-19,0.2685587089508772,0.46500177308917046,0.2664395458996296
2015-07-20,0.06001492775976658,0.816354364156723,0.12363066338002682
2015-07-21,0.3555953949689865,0.2664738669991493,0.3779307007789612
2015-07-22,0.13992309756577015,0.8195682764053345,0.04050861205905676
2015-07-23,0.5474698195854822,0.43004076182842255,0.02248944155871868
2015-07-24,0.0480114221572876,0.907546877861023,0.04444168880581856
2015-07-26,0.38813430070877075,0.4374685436487198,0.17439718265086412
2015-07-27,0.6946965456008911,0.21438713371753693,0.09091637283563614
2015-07-28,0.025124968339999516,0.8978389104207357,0.07703612744808197
2015-07-29,0.23321940004825592,0.2246381938457489,0.542142391204834
2015-07-30,0.061673812568187714,0.2915807366371155,0.6467454433441162
2015-07-31,0.06964792311191559,0.9027273058891296,0.027624743059277534
2015-08-03,0.538412868976593,0.2856076955795288,0.17597942054271698
2015-08-04,0.26421430706977844,0.685660183429718,0.05012556537985802
2015-08-05,0.8935430645942688,0.07861954718828201,0.027837418019771576
2015-08-06,0.01626245118677616,0.7160896062850952,0.26764795184135437
2015-08-12,0.91294264793396,0.04754401743412018,0.03951336070895195
2015-08-13,0.25165656208992004,0.7119947671890259,0.0363486111164093
2015-08-16,0.4034513831138611,0.5363034605979919,0.060245174914598465
2015-08-19,0.9399763643741608,0.04580018576234579,0.014223475940525532
2015-08-21,0.9646697640419006,0.018112894147634506,0.017217379063367844
2015-08-24,0.9389394819736481,0.049713422544300556,0.011347095016390085
2015-08-26,0.9681329727172852,0.02353285625576973,0.008334183134138584
2015-08-27,0.23876544833183289,0.023084105923771858,0.738150417804718
2015-08-30,0.13771066069602966,0.8018264174461365,0.06046292930841446
2015-09-01,0.7089814841747284,0.2644747169688344,0.026543808169662952
2015-09-03,0.8200634121894836,0.15558630228042603,0.02435038983821869
2015-09-04,0.9157599806785583,0.06668835133314133,0.017551647499203682
2015-09-07,0.009469839744269848,0.10348202288150787,0.8870481848716736
2015-09-08,0.0170532688498497,0.9217716455459595,0.06117502599954605
2015-09-09,0.09060325473546982,0.041681919246912,0.8677148222923279
2015-09-10,0.009054436348378658,0.7547152042388916,0.23623040318489075
2015-09-11,0.1369463261216879,0.5437940508127213,0.3192596174776554
2015-09-13,0.3173027038574219,0.6383380889892578,0.044359225779771805
2015-09-16,0.562871664762497,0.3851829171180725,0.051945390179753304
2015-09-17,0.014710250310599804,0.45427340269088745,0.5310162901878357
2015-09-18,0.5048092737793922,0.36844528913497926,0.12674544658511877
2015-09-20,0.8541839122772217,0.12114571034908295,0.024670343846082687
2015-09-21,0.1964403223246336,0.3253205418586731,0.47823914885520935
2015-09-22,0.8918995261192322,0.07809485619266827,0.03000562700132529
2015-09-23,0.06512246280908585,0.8113461136817932,0.12353146821260452
2015-09-25,0.3435167074203491,0.588217556476593,0.06826573610305786
2015-09-27,0.02737024426460266,0.9203212857246399,0.05230846256017685
2015-09-28,0.6120389103889465,0.2579054832458496,0.13005565106868744
2015-09-29,0.6944185942411423,0.15198111161589622,0.15360029228031635
2015-10-01,0.7329006791114807,0.2383744865655899,0.02872484363615513
2015-10-03,0.9634025692939758,0.02401077002286911,0.012586701661348343
2015-10-04,0.397627055644989,0.5674341320991516,0.03493881970643997
2015-10-06,0.013238641433417797,0.923073410987854,0.06368792802095413
2015-10-07,0.4800474892059962,0.2429869001110395,0.27696565600732964
2015-10-08,0.4672926254570484,0.49412522464990616,0.03858210984617472
2015-10-09,0.8738182187080383,0.05456493981182575,0.07161683961749077
2015-10-11,0.6502414494752884,0.30712267477065325,0.042635887395590544
2015-10-12,0.5465363864121693,0.27330786309071947,0.18015574291348457
2015-10-13,0.8689240962266922,0.11286313738673925,0.018212771508842707
2015-10-14,0.7840070004264513,0.1380023198823134,0.07799065764993429
2015-10-15,0.6133918629959225,0.30147640183568003,0.08513171765953302
2015-10-16,0.4100896343588829,0.4607918644323945,0.12911852076649666
2015-10-18,0.18872645000616708,0.5041711380084356,0.30710238963365555
2015-10-19,0.6541285812854767,0.2815432474017143,0.0643282001838088
2015-10-20,0.02109396830201149,0.8864339590072632,0.09247205406427383
2015-10-21,0.5933845343533903,0.34390111779794097,0.06271435087546706
2015-10-22,0.9664260149002075,0.025997059419751167,0.007576941978186369
2015-10-25,0.053753562271595,0.19427244365215302,0.7519740462303162
2015-10-28,0.6902427077293396,0.27238428592681885,0.03737301751971245
2015-10-30,0.2912799334153533,0.6733063757419586,0.03541373275220394
2015-11-01,0.02851955220103264,0.9373147487640381,0.034165725111961365
2015-11-03,0.6070142388343811,0.32661647349596024,0.06636925972998142
2015-11-04,0.11323663592338562,0.8676239848136902,0.019139375537633896
2015-11-06,0.07658983021974564,0.824550986289978,0.09885919839143753
2015-11-07,0.6460446715354919,0.2141830176115036,0.13977231085300446
2015-11-09,0.02163080871105194,0.7218639850616455,0.25650522112846375
2015-11-10,0.02910078875720501,0.605244517326355,0.36565467715263367
2015-11-13,0.9224168360233307,0.028614097274839878,0.048969089053571224
2015-11-16,0.9727486371994019,0.019279498606920242,0.00797184556722641
2015-11-20,0.9155624806880951,0.05372077226638794,0.030716732144355774
2015-11-24,0.6536248922348022,0.3191337585449219,0.02724136970937252
2015-11-25,0.300519734621048,0.6651597023010254,0.034320585429668427
2015-11-26,0.9449863731861115,0.028658036142587662,0.02635554689913988
2015-11-30,0.11194345355033875,0.8367317616939545,0.05132478475570679
2015-12-01,0.8876479466756185,0.03846196706096331,0.07389001703510682
2015-12-02,0.03233804553747177,0.8108096122741699,0.1568523347377777
2015-12-03,0.7314974069595337,0.22493580977121988,0.04356684163212776
2015-12-04,0.6284751258790493,0.13938454538583755,0.23214037367142737
2015-12-05,0.028845464810729027,0.7273663878440857,0.24378818273544312
2015-12-06,0.5253095030784607,0.43256914615631104,0.042121268808841705
2015-12-07,0.34691518545150757,0.5181862711906433,0.13489854335784912
2015-12-08,0.8163233995437622,0.14446647465229034,0.03921009972691536
2015-12-09,0.3463783487677574,0.3949090242385864,0.25871259719133377
2015-12-10,0.31658756267279387,0.19780591875314713,0.48560656048357487
2015-12-14,0.6761424740155538,0.06068709368507067,0.26317044409612816
2015-12-15,0.4464767426252365,0.153280820697546,0.400242455303669
2015-12-16,0.6870294543914497,0.06121941236779094,0.2517511136829853
2015-12-17,0.33788138007124263,0.6354502998292446,0.026668365113437176
2015-12-18,0.956109344959259,0.035079337656497955,0.008811292238533497
2015-12-21,0.9497828483581543,0.036595240235328674,0.013621972408145666
2015-12-22,0.575760617852211,0.40235421247780323,0.021885191556066275
2015-12-23,0.1754362341016531,0.5246014297008514,0.29996231384575367
2015-12-24,0.3152376115322113,0.5002329349517822,0.18452942371368408
2015-12-28,0.03194309724494815,0.4703994542360306,0.4976574555039406
2015-12-29,0.0429605133831501,0.7994279265403748,0.15761162340641022
2015-12-30,0.08163478970527649,0.8877861499786377,0.030579054728150368
2016-01-01,0.4918077886104584,0.42099320888519287,0.08719897270202637
2016-01-05,0.6353471428155899,0.32532375399023294,0.03932912088930607
2016-01-07,0.4929565144702792,0.4683231469243765,0.03872031718492508
2016-01-10,0.5387435257434845,0.41606588661670685,0.045190611854195595
2016-01-11,0.01069770846515894,0.6914816498756409,0.29782065749168396
2016-01-12,0.9118238687515259,0.029678471386432648,0.05849773809313774
2016-01-13,0.5162037624977529,0.07381345331668854,0.40998275578022003
2016-01-14,0.6647318191826344,0.16707604518160224,0.1681921179406345
2016-01-15,0.7968132197856903,0.04244964383542538,0.16073717456310987
2016-01-16,0.9353718161582947,0.046619441360235214,0.018008746206760406
2016-01-17,0.529919944703579,0.41457418352365494,0.05550583451986313
2016-01-19,0.5457324478775263,0.19383799643921001,0.2604295645973512
2016-01-20,0.8429820090532303,0.07425973052158952,0.08275827975012362
2016-01-21,0.030924569815397263,0.8358465433120728,0.13322888314723969
2016-01-22,0.9505893588066101,0.02896900475025177,0.02044162154197693
2016-01-24,0.4511984884738922,0.4749194085597992,0.07388214021921158
2016-01-26,0.5656242668628693,0.20453900564461946,0.22983673447743058
2016-01-27,0.8437579870223999,0.08392427861690521,0.07231776416301727
2016-01-28,0.3817411167547107,0.5519351381808519,0.06632372364401817
2016-01-29,0.16645410656929016,0.770967423915863,0.06257849186658859
2016-01-31,0.3193441331386566,0.3261914278070132,0.3544644092520078
2016-02-01,0.039166614413261414,0.8337261080741882,0.12710726261138916
2016-02-03,0.45898497477173805,0.4506206847727299,0.09039433486759663
2016-02-04,0.09534535370767117,0.8641860783100128,0.04046859219670296
2016-02-05,0.6196538110574087,0.3295943575600783,0.05075183634956678
2016-02-06,0.36499711871147156,0.60447096824646,0.03053191490471363
2016-02-08,0.9477236270904541,0.02697934644917647,0.025297026305149
2016-02-09,0.5531302765011787,0.41018296498805285,0.03668679855763912
2016-02-10,0.4829951226711273,0.19820740073919296,0.3187975026667118
2016-02-11,0.7674614563584328,0.19945507729426026,0.03308343142271042
2016-02-12,0.9670634269714355,0.019123077392578125,0.013813435100018978
2016-02-13,0.20046938955783844,0.7611541152000427,0.038376521319150925
2016-02-14,0.7699316342671713,0.19789410630861917,0.03217428860565027
2016-02-15,0.4689125958830118,0.05787580460309982,0.4732116125524044
2016-02-16,0.9298641085624695,0.03790486231446266,0.03223104029893875
2016-02-17,0.4696963429450989,0.47018930315971375,0.06011433154344559
2016-02-19,0.9570461511611938,0.02103479392826557,0.021919094026088715
2016-02-21,0.4782589375972748,0.4676523208618164,0.054088763892650604
2016-02-22,0.5741477206349372,0.31453153006732465,0.1113207295536995
2016-02-23,0.9670330882072449,0.020923946052789688,0.012043043039739132
2016-02-24,0.5084693431854248,0.41874320805072784,0.07278746832162142
2016-02-26,0.7332930564880371,0.24028967320919037,0.026417260989546776
2016-02-28,0.14879737794399261,0.7357085347175598,0.11549413949251175
2016-02-29,0.9676436185836792,0.0213839802891016,0.01097236480563879
2016-03-01,0.3416776576389869,0.5516975646217664,0.10662475725015004
2016-03-02,0.8223649859428406,0.14189662039279938,0.03573844954371452
2016-03-03,0.35686154415210086,0.39563355843226117,0.24750488003094992
2016-03-07,0.012257407419383526,0.8416486978530884,0.14609387516975403
2016-03-09,0.3594070225954056,0.5766318216919899,0.06396111473441124
2016-03-11,0.44021980091929436,0.39484448234240216,0.1649357130130132
2016-03-13,0.08347653597593307,0.8826802372932434,0.033843204379081726
2016-03-14,0.03978084493428469,0.9321791529655457,0.028039997443556786
2016-03-15,0.017894741147756577,0.8957374691963196,0.0863677803426981
2016-03-16,0.721374104420344,0.17401730517546335,0.10460861244549353
2016-03-17,0.8634162545204163,0.05502583319321275,0.0815578531473875
2016-03-18,0.13712081126868725,0.35555513948202133,0.5073240362107754
2016-03-20,0.24679131185015044,0.6786488095919291,0.07455988973379135
2016-03-22,0.16416333615779877,0.771493673324585,0.06434299796819687
2016-03-23,0.5762826999028524,0.3899716228867571,0.03374569987257322
2016-03-24,0.8910189270973206,0.09566647559404373,0.013314586132764816
2016-03-29,0.31105776503682137,0.47187919169664383,0.21706307120621204
2016-03-31,0.8252042233943939,0.06914743920788169,0.1056483406573534
2016-04-01,0.6977124512195587,0.1346592909346024,0.1676282867168387
2016-04-03,0.969306230545044,0.019249161705374718,0.011444511823356152
2016-04-04,0.725912481546402,0.12306517735123634,0.15102234855294228
2016-04-05,0.12477020919322968,0.07603658735752106,0.799193263053894
2016-04-06,0.03457815572619438,0.6577758093674978,0.3076460584998131
2016-04-07,0.5422272868454456,0.42635351652279496,0.031419193372130394
2016-04-08,0.6866868585348129,0.22707561356946826,0.08623754838481545
2016-04-09,0.7709015607833862,0.17620302736759186,0.05289536342024803
2016-04-10,0.6896961182355881,0.2563516516238451,0.05395223409868777
2016-04-11,0.618342998623848,0.34178366884589195,0.03987331595271826
2016-04-12,0.07119357399642467,0.8584902584552765,0.07031616009771824
2016-04-13,0.44274759441614153,0.3291754528880119,0.2280769924633205
2016-04-14,0.5735547300428152,0.2628486763375501,0.16359658585861325
2016-04-15,0.7249233424663544,0.08793995715677738,0.18713666312396526
2016-04-17,0.27455290748427313,0.6153296778599421,0.11011741558710735
2016-04-18,0.513454742419223,0.23703324856857458,0.2495120024929444
2016-04-19,0.6474663987755775,0.24103912990540266,0.11149446472215156
2016-04-20,0.28879581671208143,0.5725758112967014,0.13862836547195911
2016-04-21,0.0768243670463562,0.8250000476837158,0.0981755405664444
2016-04-22,0.49249651096761227,0.02699273359030485,0.48051078617572784
2016-04-24,0.5299779251217842,0.4369473308324814,0.0330747552216053
2016-04-26,0.8614262143770853,0.09551901742815971,0.043054736529787384
2016-04-27,0.472701970487833,0.4714256227016449,0.05587242729961872
2016-04-28,0.5415697872638703,0.19991649985313414,0.2585137356072664
2016-04-29,0.34349835477769375,0.225294416770339,0.43120725452899933
2016-04-30,0.8656936883926392,0.11613662540912628,0.018169641494750977
2016-05-02,0.316766619682312,0.5844363570213318,0.09879700839519501
2016-05-03,0.8093866109848022,0.14711115695536137,0.04350224696099758
2016-05-04,0.9459208846092224,0.03850201144814491,0.015577091835439205
2016-05-06,0.4710351643152535,0.29196233581751585,0.23700251057744026
2016-05-08,0.4052581290404002,0.452487791577975,0.14225407193104425
2016-05-09,0.01975734019652009,0.8265787959098816,0.15366387739777565
2016-05-10,0.3400201133141915,0.5799166907866796,0.08006321017940839
2016-05-11,0.018728557974100113,0.09485283493995667,0.8864186406135559
2016-05-12,0.261787174269557,0.5765930563211441,0.1616198532283306
2016-05-15,0.38123631477355957,0.048137862235307693,0.5706257820129395
2016-05-16,0.20178939029574394,0.5492363721132278,0.2489742413163185
2016-05-17,0.5921763457357884,0.1894057124853134,0.21841793768107892
2016-05-18,0.4121809795498848,0.4171995520591736,0.17061950378119944
2016-05-19,0.37285088072530925,0.2576209418475628,0.36952815810218453
2016-05-20,0.3130594789981842,0.4445517361164093,0.2423887513577938
2016-05-22,0.43279867246747017,0.4703632518649101,0.09683805331587791
2016-05-23,0.6256667452864348,0.3195539375767112,0.05477932831272483
2016-05-24,0.37207796052098274,0.4159776239345471,0.21194440374771753
2016-05-25,0.16437851451337337,0.1958940178155899,0.6397274695336819
2016-05-26,0.36723987641744316,0.46026114374399185,0.1724990108050406
2016-05-27,0.421374233905226,0.3756043538451195,0.2030213624238968
2016-05-30,0.15073120221495628,0.3624950796365738,0.4867737218737602
2016-05-31,0.012660610489547253,0.19499993324279785,0.7923395335674286
2016-06-01,0.32722073839977384,0.5851683244109154,0.08761096217979987
2016-06-02,0.19501378620043397,0.715175524353981,0.08981069829314947
2016-06-03,0.4396221356259452,0.22888966504898337,0.3314882095696198
2016-06-05,0.682505821188291,0.2728021287669738,0.04469209133336941
2016-06-06,0.4244259987026453,0.13131747394800186,0.4442565245553851
2016-06-07,0.01589566469192505,0.8737365007400513,0.1103677973151207
2016-06-08,0.4417839989066124,0.2801903057843447,0.27802570071071386
2016-06-09,0.3099547568708658,0.467920808121562,0.22212443593889475
2016-06-10,0.9428191781044006,0.01679958775639534,0.0403813011944294
2016-06-12,0.4829269889742136,0.4783896189182997,0.03868344007059932
2016-06-13,0.5773352980613708,0.12710608541965485,0.29555863002315164
2016-06-14,0.5860367133282125,0.11040719598531723,0.3035560739226639
2016-06-15,0.49019276537001133,0.48136637918651104,0.02844086941331625
2016-06-16,0.6021755214314908,0.20820426754653454,0.18962018773891032
2016-06-17,0.7934902906417847,0.16708793491125107,0.039421774446964264
2016-06-19,0.5460979677736759,0.400070714764297,0.05383130256086588
2016-06-20,0.4562225304543972,0.17797780130058527,0.3657996440306306
2016-06-21,0.504829245309035,0.4115346983696024,0.0836360511990885
2016-06-22,0.8043525218963623,0.06617278605699539,0.1294747143983841
2016-06-23,0.6144495323639024,0.26967326788739726,0.1158772154965184
2016-06-24,0.2976304590702057,0.4906443399377167,0.2117252079769969
2016-06-26,0.8947771092255911,0.08958261522154014,0.01564025677119692
2016-06-27,0.7890046780759638,0.17232972112568942,0.038665602914988995
2016-06-28,0.6884377860308936,0.16601788237070045,0.1455443419981748
2016-06-29,0.39118568727280945,0.3165693716146052,0.29224492772482336
2016-06-30,0.767014229297638,0.13861062452197076,0.09437515437602997
2016-07-01,0.7040062357361118,0.12578087579458952,0.17021289405723414
2016-07-02,0.8089046478271484,0.17381595075130463,0.017279360443353653
2016-07-03,0.9421387314796448,0.049108173698186874,0.008753135800361633
2016-07-04,0.6340047080690662,0.27115129803617793,0.09484401531517506
2016-07-05,0.8991064429283142,0.06145083159208298,0.03944270902623733
2016-07-06,0.9540732502937317,0.032840318977832794,0.013086406514048576
2016-07-08,0.1245433297008276,0.48529882077127695,0.390157837420702
2016-07-10,0.32626130618155,0.2439959030598402,0.4297427390702069
2016-07-11,0.635910271666944,0.11988884164020419,0.2442008324433118
2016-07-12,0.5207090936601162,0.37955726124346256,0.09973363811150193
2016-07-13,0.6589089306071401,0.30521599063649774,0.03587506525218487
2016-07-14,0.08627040560046832,0.35737476373712224,0.5563548530141512
2016-07-15,0.48468466755002737,0.09806426707655191,0.4172510849311948
2016-07-17,0.8120859026908874,0.05521429479122162,0.13269981648772955
2016-07-18,0.5193892600124373,0.11223375232999816,0.3683770040378851
2016-07-19,0.43302948613251957,0.3137429678546531,0.2532275484076568
2016-07-20,0.8623586893081665,0.061935439705848694,0.07570589194074273
2016-07-21,0.6291010330120722,0.0771373553822438,0.29376158863306046
2016-07-22,0.8909251093864441,0.0927514135837555,0.016323447227478027
2016-07-24,0.12305553071200848,0.08901007659733295,0.787934422492981
2016-07-25,0.633259117603302,0.2646579736222823,0.10208291560411453
2016-07-26,0.09034588700160384,0.3938163220882416,0.5158377587795258
2016-07-27,0.42882344623406726,0.4614435285329819,0.10973302461206913
2016-07-28,0.5221411834160486,0.15598366037011147,0.3218751636644204
2016-07-29,0.19339733012020588,0.5306827519088984,0.27591990400105715
2016-07-31,0.5896274546782175,0.363120769460996,0.047251774619023
2016-08-01,0.8769820630550385,0.10211022570729256,0.020907667465507984
2016-08-02,0.03767705336213112,0.5432409048080444,0.41908201575279236
2016-08-03,0.5039993027846018,0.32205344177782536,0.17394725109140077
2016-08-04,0.5402542874217033,0.4107994809746742,0.04894622042775154
2016-08-05,0.19796021422371268,0.6051986217498779,0.19684111513197422
2016-08-07,0.07670049369335175,0.5175678953528404,0.40573159605264664
2016-08-08,0.4920691531151533,0.4527446189895272,0.05518619902431965
2016-08-10,0.010486160404980183,0.8062151074409485,0.18329866230487823
2016-08-11,0.2140300596753756,0.7275441487630209,0.058425781006614365
2016-08-12,0.5867954418063164,0.08753355344136556,0.3256710122028987
2016-08-14,0.09703882783651352,0.8494463562965393,0.05351485684514046
2016-08-16,0.4393913218130668,0.3947435716787974,0.16586510992298523
2016-08-17,0.16676319669932127,0.687417209148407,0.14581956155598164
2016-08-18,0.3717387616634369,0.39151347428560257,0.23674774169921875
2016-08-19,0.5080503647526106,0.3252945604423682,0.166655071079731
2016-08-22,0.34131135493516923,0.5421749368309975,0.11651369072496891
2016-08-23,0.7507829666137695,0.19573213066905737,0.05348488315939903
2016-08-24,0.43649250362068415,0.35314614698290825,0.2103613275103271
2016-08-25,0.2947188578546047,0.22151744179427624,0.4837636984884739
2016-08-26,0.6235375876228014,0.336917519569397,0.03954490770896276
2016-08-29,0.024317448493093252,0.5040724612772465,0.47161009907722473
2016-08-31,0.26006667921319604,0.6922477912157774,0.047685525845736265
2016-09-01,0.9076021711031595,0.06496058031916618,0.027437205736835796
2016-09-02,0.3517822837457061,0.16496103256940842,0.4832565952092409
2016-09-04,0.9559044241905212,0.030201414600014687,0.013894153758883476
2016-09-08,0.22339657694101334,0.5420210927724838,0.23458235412836076
2016-09-09,0.5789805899063746,0.22995669643084207,0.19106272825350365
2016-09-10,0.012100760824978352,0.7990818619728088,0.18881741166114807
2016-09-11,0.2194782793521881,0.7454474568367004,0.03507424518465996
2016-09-12,0.2738632154650986,0.32948363944888115,0.39665315362314385
2016-09-13,0.3756803162395954,0.4567309468984604,0.16758874105289578
2016-09-14,0.29898118041455746,0.263830732088536,0.43718811124563217
2016-09-15,0.2632346488535404,0.6415100246667862,0.09525529202073812
2016-09-16,0.361527469009161,0.586540699005127,0.05193185185392698
2016-09-18,0.6685553789138794,0.2548471987247467,0.07659737765789032
2016-09-19,0.4219349001844724,0.22144445031881332,0.3566206494967143
2016-09-20,0.14676819741725922,0.724593997001648,0.12863781675696373
2016-09-21,0.1237741056829691,0.7123426496982574,0.163883239030838
2016-09-22,0.6866684183478355,0.26753538753837347,0.045796200865879655
2016-09-23,0.9356177300214767,0.0482958760112524,0.016086447052657604
2016-09-25,0.14425105756769577,0.5655121505260468,0.29023678166170913
2016-09-26,0.5159504059702158,0.36263279989361763,0.1214168006554246
2016-09-27,0.7415777401998639,0.20816527865827084,0.050256974063813686
2016-09-28,0.37848570744972676,0.4193693052511662,0.20214500918518752
2016-09-29,0.301410677532355,0.5350883776942889,0.16350091000398
2016-09-30,0.6456049753663441,0.1826309763515989,0.1717640608549118
2016-10-02,0.7551291584968567,0.21640164777636528,0.028469154611229897
2016-10-03,0.8705894351005554,0.10618098825216293,0.02322961390018463
2016-10-04,0.04512627795338631,0.8676077723503113,0.08726601302623749
2016-10-05,0.6561800837516785,0.3212823271751404,0.022537656128406525
2016-10-06,0.23056807252578437,0.5171590447425842,0.2522728838957846
2016-10-09,0.3939600810408592,0.5677410662174225,0.03829881548881531
2016-10-10,0.29244569465518,0.5905834384262562,0.1169708602130413
2016-10-11,0.21044919965788722,0.5571005642414093,0.23245024494826794
2016-10-12,0.6189749936262766,0.31335460891326267,0.06767038069665432
2016-10-13,0.48139128860618385,0.11085284421486515,0.4077558247372508
2016-10-14,0.43663966096937656,0.040127798449248075,0.5232325810939074
2016-10-15,0.019546350464224815,0.4685042202472687,0.511949360370636
2016-10-16,0.137420404702425,0.27839403599500656,0.5841855555772781
2016-10-17,0.533579147938225,0.23915448370907041,0.2272663621438874
2016-10-18,0.5963799234272705,0.0627732483877076,0.3408468438105451
2016-10-19,0.12748427928558417,0.42340776563755106,0.44910796572055134
2016-10-20,0.1285681389272213,0.4478157041594386,0.42361614387482405
2016-10-21,0.3245503691335519,0.10367974390586217,0.5717698434988657
2016-10-23,0.2515600025653839,0.7034423351287842,0.0449976846575737
2016-10-24,0.4115096488967538,0.490216126665473,0.09827423235401511
2016-10-25,0.17034640039006868,0.7748176058133444,0.054836019252737365
2016-10-26,0.29804399562999606,0.3773890817537904,0.32456692494452
2016-10-28,0.5915209154287974,0.29073998145759106,0.11773910466581583
2016-10-31,0.09913615447779496,0.7482038736343384,0.15265998368461928
2016-11-01,0.18419884564355016,0.3732193782925606,0.44258175883442163
2016-11-02,0.22494390172262987,0.44036022822062176,0.33469587999085587
2016-11-03,0.013776959851384163,0.9072002172470093,0.07902286946773529
2016-11-04,0.27876080324252445,0.6710941394170126,0.0501450722416242
2016-11-07,0.5212448239326477,0.4305684369057417,0.04818673301488161
2016-11-08,0.5679086521267891,0.38477868400514126,0.04731265269219875
2016-11-09,0.2613610066473484,0.3203938578565915,0.41824513487517834
2016-11-10,0.1342480762728623,0.42178318755967276,0.44396874255367685
2016-11-11,0.2950286480287711,0.29856033623218536,0.4064110325028499
2016-11-13,0.1276590662697951,0.3380223090449969,0.534318615992864
2016-11-14,0.2996962690725923,0.223792589828372,0.47651115506887437
2016-11-15,0.1462615341214197,0.34176136766161236,0.5119771105902535
2016-11-16,0.30737599078565836,0.42543969210237265,0.2671843123389408
2016-11-17,0.2228029907370607,0.3008212906618913,0.4763756701722741
2016-11-18,0.28761535031454905,0.457533387201173,0.25485124066472054
2016-11-20,0.11174992471933365,0.6243297159671783,0.26392033137381077
2016-11-21,0.208221323415637,0.631740752607584,0.1600379293784499
2016-11-22,0.2113463735828797,0.4625675246740381,0.3260861039161682
2016-11-23,0.2566430906040801,0.496379588627153,0.24697730793721145
2016-11-24,0.021709730848670006,0.05448496341705322,0.9238053560256958
2016-11-25,0.3226775049697608,0.25242617377080023,0.4248963128775358
2016-11-27,0.16277853151162466,0.4039195900162061,0.4333019070327282
2016-11-28,0.3375556782952377,0.23352407743888243,0.4289202623601471
2016-11-29,0.06425274955108762,0.3250280103335778,0.610719213883082
2016-11-30,0.29568686864028376,0.43373118340969086,0.270581959746778
2016-12-01,0.37254449957981706,0.3985329200513661,0.22892259689979255
2016-12-02,0.31921912264078856,0.5685190223157406,0.11226186156272888
2016-12-04,0.4646977689117193,0.4340260997414589,0.10127618908882141
2016-12-05,0.26103473268449306,0.06881459554036458,0.6701506525278091
2016-12-06,0.497355218231678,0.12794965505599976,0.3746951391920447
2016-12-07,0.41034942772239447,0.28289151777114185,0.3067590817809105
2016-12-08,0.26133715615353803,0.42821779000488197,0.31044506417079404
2016-12-09,0.054868530668318274,0.3550756432116032,0.5900558084249496
2016-12-12,0.03562023118138313,0.3688943088054657,0.595485508441925
2016-12-13,0.7143193632364273,0.17200177069753408,0.11367890378460288
2016-12-14,0.6341173052787781,0.2617190182209015,0.10416372120380402
2016-12-15,0.431143737398088,0.21331287237505117,0.3555434209605058
2016-12-16,0.11144648864865303,0.3441603786001603,0.5443931644161543
2016-12-17,0.15153266489505768,0.8198257684707642,0.0286415945738554
2016-12-18,0.03220175951719284,0.8304669260978699,0.13733132183551788
2016-12-19,0.5935752941295505,0.34230269119143486,0.06412203889340162
2016-12-20,0.09370494075119495,0.3708387851715088,0.5354562610387802
2016-12-21,0.9613975286483765,0.028491942211985588,0.010110583156347275
2016-12-22,0.09491375833749771,0.8486559987068176,0.05643019825220108
2016-12-23,0.43862788565456867,0.46493349224328995,0.09643858624622226
2016-12-26,0.48556268215179443,0.4368586838245392,0.07757867127656937
2016-12-29,0.09089943021535873,0.777151346206665,0.13194921612739563
2016-12-30,0.5459856763482094,0.11887025088071823,0.3351441062986851
2017-01-01,0.8370462656021118,0.14274846017360687,0.02020527981221676
