date,Sentiment_Score_total
2010-01-02,0.1531
2010-01-03,0.5719
2010-01-04,-0.0572
2010-01-05,0.4404
2010-01-07,0.0
2010-01-08,0.5888
2010-01-12,-0.25
2010-01-13,1.0871
2010-01-14,-0.2732
2010-01-15,0.24439999999999998
2010-01-19,-0.34
2010-01-25,0.4019
2010-01-27,6.9255
2010-01-28,0.7003
2010-02-01,0.0
2010-02-02,-1.2517
2010-02-10,0.128
2010-02-11,0.4404
2010-02-13,0.6778
2010-02-14,0.0
2010-02-17,0.4404
2010-02-19,0.0
2010-02-20,1.061
2010-02-23,-0.6486
2010-02-25,0.4588
2010-02-27,-1.4346
2010-03-01,0.0
2010-03-02,0.0
2010-03-07,0.2732
2010-03-08,8.807
2010-03-10,-0.03749999999999998
2010-03-12,-0.3182
2010-03-15,-1.7578
2010-03-16,0.8008
2010-03-18,-0.3182
2010-03-19,-0.3182
2010-03-23,0.0
2010-03-24,0.8808
2010-03-29,0.0
2010-03-30,0.0
2010-04-02,0.4215
2010-04-03,0.0
2010-04-06,0.0
2010-04-07,0.0
2010-04-08,0.0
2010-04-09,3.612
2010-04-10,0.4215
2010-04-11,0.0
2010-04-12,-0.2732
2010-04-13,-0.3875
2010-04-14,0.0
2010-04-15,0.2732
2010-04-16,0.8978999999999999
2010-04-18,0.0
2010-04-19,0.5045000000000001
2010-04-20,0.0
2010-04-21,0.0
2010-04-22,-0.5267
2010-04-23,-0.34
2010-04-24,0.0
2010-04-26,0.5516000000000001
2010-04-27,2.8929
2010-04-28,0.0
2010-04-29,-0.8399
2010-04-30,0.0
2010-05-01,0.128
2010-05-02,0.0
2010-05-03,0.0
2010-05-04,0.7385
2010-05-05,-0.2732
2010-05-06,-0.2732
2010-05-07,0.5106
2010-05-09,0.0
2010-05-10,-0.0644
2010-05-11,1.4196
2010-05-14,0.0
2010-05-18,1.284
2010-05-19,0.4767
2010-05-20,0.0
2010-05-21,0.5859
2010-05-25,0.6908
2010-05-27,2.1001
2010-05-28,0.1355
2010-05-30,0.5267
2010-06-03,0.0
2010-06-05,-0.5423
2010-06-06,-0.2732
2010-06-07,0.0
2010-06-08,-0.0258
2010-06-10,0.954
2010-06-11,0.0
2010-06-12,0.4019
2010-06-13,0.0
2010-06-14,-0.2732
2010-06-15,4.5562000000000005
2010-06-16,0.0
2010-06-17,1.1226
2010-06-18,1.139
2010-06-21,0.0
2010-06-22,0.0
2010-06-23,0.0
2010-06-25,0.0
2010-06-26,0.5106
2010-06-27,0.7838
2010-06-28,-0.2732
2010-06-29,0.4171
2010-06-30,9.738199999999999
2010-07-01,0.296
2010-07-02,0.022799999999999987
2010-07-03,0.8779
2010-07-04,0.128
2010-07-06,10.2351
2010-07-07,0.4588
2010-07-08,0.9343
2010-07-09,0.9136
2010-07-10,1.0098
2010-07-11,0.7861
2010-07-12,1.2807
2010-07-13,-0.5831
2010-07-14,0.0
2010-07-15,1.8997000000000002
2010-07-16,1.0123
2010-07-17,-0.5423
2010-07-18,0.1027
2010-07-19,-0.7506
2010-07-20,0.09960000000000001
2010-07-21,-0.964
2010-07-22,-0.25
2010-07-23,-0.3612
2010-07-24,0.0
2010-07-25,0.4767
2010-07-26,0.0516
2010-07-27,0.10750000000000004
2010-07-30,0.22709999999999997
2010-07-31,0.6369
2010-08-01,0.2023
2010-08-02,0.1779
2010-08-03,0.0
2010-08-04,0.7096
2010-08-05,-0.2732
2010-08-07,-0.3818
2010-08-09,0.4526
2010-08-10,-0.2732
2010-08-11,0.0
2010-08-12,1.0308
2010-08-13,0.5267
2010-08-14,-0.3182
2010-08-15,7.132099999999999
2010-08-19,-0.07850000000000001
2010-08-20,0.0
2010-08-22,0.0
2010-08-23,0.0
2010-08-24,0.0
2010-08-25,0.0
2010-08-26,1.6441
2010-08-27,-2.9985
2010-08-28,0.0
2010-08-30,0.6908
2010-08-31,0.7579
2010-09-01,0.10039999999999999
2010-09-02,-0.020000000000000004
2010-09-03,0.0
2010-09-04,0.5574
2010-09-07,-0.4215
2010-09-09,0.1027
2010-09-10,0.0
2010-09-12,1.039
2010-09-13,0.2732
2010-09-14,0.4019
2010-09-16,1.0829
2010-09-19,-0.1531
2010-09-20,-0.2716
2010-09-21,0.4391
2010-09-22,0.4588
2010-09-23,0.6369
2010-09-24,0.4019
2010-09-25,0.0
2010-09-27,0.46080000000000004
2010-10-02,-7.1208
2010-10-04,-1.2132
2010-10-05,1.1935
2010-10-06,4.9529000000000005
2010-10-07,0.4404
2010-10-08,1.0574000000000001
2010-10-09,5.9045999999999985
2010-10-10,9.575
2010-10-11,-0.5352
2010-10-12,0.20120000000000005
2010-10-13,-0.7422
2010-10-14,0.6908
2010-10-15,0.9125000000000001
2010-10-17,0.9169
2010-10-18,0.2594
2010-10-19,-1.7437999999999998
2010-10-20,-2.7212
2010-10-21,-0.21390000000000003
2010-10-22,0.8272
2010-10-23,0.4404
2010-10-24,1.402
2010-10-26,-2.4646
2010-10-27,4.2509
2010-10-28,0.0
2010-10-29,0.0
2010-10-31,-0.8749
2010-11-01,0.4588
2010-11-02,-0.296
2010-11-04,0.5016
2010-11-05,-0.051899999999999946
2010-11-06,0.0
2010-11-07,-0.4939
2010-11-08,1.1906
2010-11-09,1.8410000000000002
2010-11-10,-0.472
2010-11-11,-0.13269999999999998
2010-11-12,-0.5106
2010-11-13,0.6597
2010-11-16,-2.2295000000000003
2010-11-17,-0.45819999999999994
2010-11-18,0.31570000000000004
2010-11-19,0.8062
2010-11-20,1.607
2010-11-21,0.128
2010-11-22,0.18820000000000003
2010-11-23,-0.2732
2010-11-24,0.21069999999999994
2010-11-26,0.0
2010-11-27,-0.5536000000000001
2010-11-29,0.7636
2010-11-30,-4.7376000000000005
2010-12-01,-2.6707000000000005
2010-12-02,-0.5449999999999999
2010-12-03,-0.22019999999999995
2010-12-04,0.0
2010-12-05,0.7269
2010-12-06,9.2121
2010-12-07,-0.128
2010-12-08,0.5926
2010-12-09,0.5574
2010-12-10,0.1965
2010-12-11,0.6369
2010-12-12,0.0
2010-12-13,17.798800000000004
2010-12-14,0.4404
2010-12-15,0.0
2010-12-16,0.17850000000000005
2010-12-17,0.4406999999999999
2010-12-18,0.0
2010-12-19,-0.6177
2010-12-20,-5.92
2010-12-21,-5.574
2010-12-22,-9.723899999999999
2010-12-23,-0.6697
2010-12-24,6.197400000000001
2010-12-25,-1.3065
2010-12-28,2.5881000000000003
2010-12-29,1.6068
2010-12-30,-0.3426
2011-01-01,0.19360000000000005
2011-01-03,-39.2775
2011-01-04,1.1879
2011-01-05,0.7783
2011-01-06,0.7981999999999999
2011-01-07,1.1965000000000001
2011-01-08,1.2814999999999999
2011-01-09,1.4678
2011-01-10,0.6249
2011-01-11,0.0
2011-01-12,0.7964
2011-01-13,0.0
2011-01-14,0.0
2011-01-15,0.0
2011-01-16,0.0
2011-01-17,0.6874000000000001
2011-01-18,2.6923999999999997
2011-01-19,8.1899
2011-01-20,0.4215
2011-01-21,-2.4753000000000003
2011-01-22,0.3196
2011-01-23,0.25
2011-01-24,0.0
2011-01-25,-0.25
2011-01-26,9.4192
2011-01-27,0.9885999999999999
2011-01-28,0.3612
2011-01-30,0.0
2011-01-31,0.9442
2011-02-01,2.3560999999999996
2011-02-02,15.8469
2011-02-03,8.638499999999999
2011-02-04,-0.2732
2011-02-05,0.4588
2011-02-06,0.4536
2011-02-07,-0.1027
2011-02-08,-0.5487
2011-02-09,0.34
2011-02-10,2.1445999999999996
2011-02-11,0.0
2011-02-12,-0.8257000000000001
2011-02-13,-1.2198000000000002
2011-02-14,0.8089000000000002
2011-02-15,6.6196
2011-02-17,0.0772
2011-02-18,0.4767
2011-02-19,1.0447
2011-02-20,-1.4996
2011-02-21,-0.2732
2011-02-22,0.0
2011-02-23,0.0
2011-02-24,-0.1531
2011-02-25,0.0
2011-02-26,0.6249
2011-02-27,0.0
2011-02-28,0.4019
2011-03-01,-1.0600999999999998
2011-03-02,0.4685
2011-03-03,0.03970000000000001
2011-03-04,1.1942
2011-03-05,-0.40569999999999995
2011-03-06,0.9176
2011-03-07,2.7791
2011-03-08,4.0503
2011-03-09,4.754900000000001
2011-03-10,4.983899999999999
2011-03-11,6.7780000000000005
2011-03-12,4.669500000000001
2011-03-13,15.21
2011-03-14,9.3448
2011-03-15,4.4753
2011-03-16,11.1836
2011-03-17,4.6388
2011-03-18,4.170100000000001
2011-03-19,4.0935
2011-03-20,4.674
2011-03-21,4.1927
2011-03-22,5.8811
2011-03-23,0.6493000000000004
2011-03-24,7.9845
2011-03-25,9.8925
2011-03-26,5.733
2011-03-27,2.579
2011-03-28,1.6064
2011-03-29,1.4908
2011-03-30,3.9343
2011-03-31,1.1404
2011-04-01,0.6582000000000001
2011-04-02,0.9332
2011-04-03,1.3172000000000001
2011-04-04,0.12919999999999993
2011-04-05,6.652600000000001
2011-04-06,6.132500000000001
2011-04-07,28.478500000000007
2011-04-08,4.0318000000000005
2011-04-09,9.7253
2011-04-10,4.0920000000000005
2011-04-11,10.6318
2011-04-12,1.4456
2011-04-13,15.142499999999998
2011-04-14,1.5758
2011-04-15,38.419000000000004
2011-04-16,5.5741
2011-04-17,1.0135
2011-04-18,-1.1015000000000001
2011-04-19,2.7076000000000002
2011-04-20,31.4501
2011-04-21,5.5934
2011-04-22,10.988699999999998
2011-04-23,-1.5726
2011-04-24,3.7607000000000004
2011-04-25,1.2825000000000002
2011-04-26,-0.06730000000000003
2011-04-27,0.08029999999999993
2011-04-28,-0.8474999999999998
2011-04-29,0.3127
2011-04-30,2.1675
2011-05-01,2.0389
2011-05-02,0.9822
2011-05-03,3.1162
2011-05-04,1.714
2011-05-05,3.2853
2011-05-06,3.0205
2011-05-07,-0.6808
2011-05-08,1.53
2011-05-09,0.0
2011-05-10,-0.48560000000000003
2011-05-11,1.5906999999999998
2011-05-12,3.6373000000000006
2011-05-13,0.9903
2011-05-14,0.4215
2011-05-15,2.5839
2011-05-16,1.1974000000000005
2011-05-17,0.7906
2011-05-18,1.9771
2011-05-19,1.8507000000000002
2011-05-20,0.49770000000000003
2011-05-21,2.8802000000000003
2011-05-22,0.22959999999999997
2011-05-23,0.2883
2011-05-24,-0.0258
2011-05-25,0.8028
2011-05-26,1.8129999999999997
2011-05-27,-0.20349999999999996
2011-05-28,0.0
2011-05-29,1.6896
2011-05-30,0.057599999999999985
2011-05-31,2.1084
2011-06-01,0.718
2011-06-02,0.23560000000000003
2011-06-03,0.12840000000000007
2011-06-04,0.2711
2011-06-05,0.6309
2011-06-06,1.8975
2011-06-07,6.1054
2011-06-08,0.12610000000000005
2011-06-09,-0.07890000000000003
2011-06-10,-1.3938000000000001
2011-06-11,1.4929999999999999
2011-06-12,0.04589999999999994
2011-06-13,-4.4294
2011-06-14,0.20000000000000007
2011-06-15,2.7456
2011-06-16,1.8338999999999999
2011-06-17,2.1335
2011-06-18,0.3612
2011-06-19,4.5484
2011-06-20,3.4688
2011-06-21,1.2776
2011-06-22,-9.108700000000002
2011-06-23,-5.086600000000001
2011-06-24,-0.02510000000000001
2011-06-25,1.061
2011-06-26,1.53
2011-06-27,-6.003500000000001
2011-06-28,2.1872
2011-06-29,-0.8699999999999999
2011-06-30,-0.6577999999999999
2011-07-01,0.5944
2011-07-02,0.7363999999999999
2011-07-03,0.637
2011-07-04,-0.4215
2011-07-05,3.6747
2011-07-06,2.0553999999999997
2011-07-07,-0.04050000000000009
2011-07-08,0.4215
2011-07-09,0.0
2011-07-10,2.0109
2011-07-11,0.17020000000000002
2011-07-12,-1.4202
2011-07-13,3.8614
2011-07-14,0.4588
2011-07-15,-0.31189999999999996
2011-07-16,1.1865
2011-07-17,2.0691
2011-07-18,-0.8276000000000001
2011-07-19,2.3903
2011-07-20,10.868800000000002
2011-07-21,0.31089999999999995
2011-07-22,-0.8399999999999997
2011-07-23,0.4588
2011-07-24,-0.4215
2011-07-25,1.801
2011-07-26,0.3863
2011-07-27,1.5407
2011-07-28,0.7134
2011-07-29,8.4345
2011-07-30,4.0291
2011-07-31,3.0263999999999998
2011-08-01,0.0
2011-08-02,2.1409000000000002
2011-08-03,-1.3059
2011-08-04,-0.44939999999999997
2011-08-05,-0.5859
2011-08-06,-5.437499999999999
2011-08-07,7.65
2011-08-08,10.616
2011-08-09,27.245800000000003
2011-08-10,-4.3308
2011-08-11,0.3897000000000002
2011-08-12,0.8055000000000002
2011-08-13,2.0795000000000003
2011-08-14,0.8938
2011-08-15,0.8551
2011-08-16,0.7991999999999999
2011-08-17,-0.468
2011-08-18,13.187399999999998
2011-08-19,2.1705000000000005
2011-08-20,3.6875
2011-08-21,3.1134
2011-08-22,12.1039
2011-08-23,8.219500000000002
2011-08-24,0.8350000000000006
2011-08-25,9.974100000000004
2011-08-26,1.4380999999999997
2011-08-27,2.7946
2011-08-28,-1.0252000000000001
2011-08-29,11.8228
2011-08-30,5.7514
2011-08-31,2.3532
2011-09-01,6.6450000000000005
2011-09-02,8.9681
2011-09-03,-1.8394
2011-09-04,1.3427
2011-09-05,0.08800000000000002
2011-09-06,1.4178000000000002
2011-09-07,16.6458
2011-09-08,2.8086
2011-09-09,-12.477800000000002
2011-09-10,0.2732
2011-09-11,0.07829999999999993
2011-09-12,-9.297399999999993
2011-09-13,16.3657
2011-09-14,-4.8316
2011-09-15,1.6015
2011-09-16,0.09129999999999999
2011-09-17,4.1083
2011-09-18,1.4359000000000002
2011-09-19,-0.20550000000000007
2011-09-20,2.3991
2011-09-21,1.6951000000000005
2011-09-22,-1.4869
2011-09-23,9.411799999999998
2011-09-24,-0.829
2011-09-25,0.8877
2011-09-26,13.072600000000001
2011-09-27,-3.9705999999999997
2011-09-28,-0.00920000000000007
2011-09-29,19.208500000000004
2011-09-30,28.611299999999996
2011-10-01,-0.16050000000000003
2011-10-02,0.5875
2011-10-03,-3.910899999999999
2011-10-04,5.225999999999999
2011-10-05,0.8002999999999999
2011-10-06,3.4375000000000004
2011-10-07,9.4041
2011-10-08,0.027000000000000024
2011-10-09,-7.727999999999999
2011-10-10,-12.828299999999999
2011-10-11,0.3222999999999999
2011-10-12,0.7606
2011-10-13,-1.5781000000000003
2011-10-14,2.1921
2011-10-15,0.36279999999999996
2011-10-16,0.0
2011-10-17,-10.4235
2011-10-18,0.015600000000000613
2011-10-19,18.7269
2011-10-20,1.4668999999999999
2011-10-21,1.5096
2011-10-22,1.0588
2011-10-23,-0.15850000000000003
2011-10-24,6.9449000000000005
2011-10-25,0.19940000000000002
2011-10-26,-5.8397
2011-10-27,-2.7291000000000003
2011-10-28,5.696300000000001
2011-10-29,2.1010999999999997
2011-10-30,9.7187
2011-10-31,28.596
2011-11-01,-1.2333000000000003
2011-11-02,2.7474
2011-11-03,16.000600000000002
2011-11-04,-9.0591
2011-11-05,0.7345999999999999
2011-11-06,0.0
2011-11-07,1.2066
2011-11-08,1.4742000000000002
2011-11-09,1.366
2011-11-10,2.5713
2011-11-11,1.5274
2011-11-12,0.0
2011-11-13,0.0
2011-11-14,2.8055000000000003
2011-11-15,0.42050000000000004
2011-11-16,5.2347
2011-11-17,8.165
2011-11-18,1.15
2011-11-19,1.469
2011-11-20,-0.016000000000000014
2011-11-21,2.385
2011-11-22,-166.06869999999998
2011-11-23,2.5284000000000004
2011-11-24,10.1939
2011-11-25,2.2255000000000003
2011-11-26,0.1372
2011-11-27,-0.45220000000000005
2011-11-28,4.2344
2011-11-29,4.8586
2011-11-30,-1.3902999999999996
2011-12-01,0.5854
2011-12-02,-11.519
2011-12-03,4.5752
2011-12-04,-1.8099
2011-12-05,5.2604999999999995
2011-12-06,8.3927
2011-12-07,6.245400000000001
2011-12-08,9.007900000000001
2011-12-09,-3.576099999999999
2011-12-10,2.9258000000000006
2011-12-11,0.0
2011-12-12,3.7482999999999995
2011-12-13,28.8234
2011-12-14,19.975100000000005
2011-12-15,9.682099999999998
2011-12-16,1.7195
2011-12-17,0.4707
2011-12-18,0.5859
2011-12-19,10.517100000000003
2011-12-20,-3.3539999999999996
2011-12-21,11.488000000000003
2011-12-22,1.8316999999999999
2011-12-23,9.515400000000001
2011-12-24,-0.4902000000000001
2011-12-25,0.8449
2011-12-26,1.1676
2011-12-27,-0.9872000000000004
2011-12-28,2.3058999999999994
2011-12-29,4.2436
2011-12-30,5.4303
2011-12-31,24.4873
2012-01-01,0.4019
2012-01-02,0.4322999999999999
2012-01-03,0.35689999999999983
2012-01-04,2.6431999999999998
2012-01-05,3.3376999999999994
2012-01-06,7.033100000000001
2012-01-07,1.6168
2012-01-08,0.09729999999999989
2012-01-09,16.3911
2012-01-10,7.0748000000000015
2012-01-11,8.361500000000001
2012-01-12,0.6713000000000007
2012-01-13,8.137
2012-01-14,6.6285
2012-01-15,2.2155
2012-01-16,-0.19099999999999995
2012-01-17,5.3032
2012-01-18,-0.6599999999999997
2012-01-19,5.5315
2012-01-20,4.803100000000001
2012-01-21,2.2091000000000003
2012-01-22,-0.37889999999999996
2012-01-23,24.9217
2012-01-24,3.434799999999999
2012-01-25,1.1933
2012-01-26,3.3776999999999995
2012-01-27,8.767700000000003
2012-01-28,0.016700000000000048
2012-01-29,-0.12329999999999974
2012-01-30,9.777800000000001
2012-01-31,5.8423
2012-02-01,5.6803
2012-02-02,16.2823
2012-02-03,2.3133999999999992
2012-02-04,0.9518
2012-02-05,4.853799999999999
2012-02-06,0.6731999999999998
2012-02-07,41.0315
2012-02-08,13.7907
2012-02-09,9.3177
2012-02-10,1.7039
2012-02-11,0.8368
2012-02-12,-0.8493
2012-02-13,-3.5330000000000004
2012-02-14,6.783100000000002
2012-02-15,12.846999999999998
2012-02-16,7.891
2012-02-17,5.936900000000001
2012-02-18,0.0
2012-02-19,0.2479
2012-02-20,1.46
2012-02-21,6.2775
2012-02-22,4.393399999999999
2012-02-23,13.976600000000005
2012-02-24,21.029300000000003
2012-02-25,2.7033
2012-02-26,1.4818
2012-02-27,-2.0895999999999995
2012-02-28,-0.5009000000000005
2012-02-29,7.456200000000001
2012-03-01,-1.1745000000000005
2012-03-02,-1.9112000000000005
2012-03-03,1.5518999999999998
2012-03-04,1.4992999999999999
2012-03-05,-3.6755
2012-03-06,2.9554999999999993
2012-03-07,5.553000000000001
2012-03-08,1.8154999999999997
2012-03-09,-1.9394000000000005
2012-03-10,1.4487
2012-03-11,2.8079000000000005
2012-03-12,-5.3529
2012-03-13,4.8340000000000005
2012-03-14,24.9011
2012-03-15,-0.14160000000000061
2012-03-16,4.2940000000000005
2012-03-17,-1.8747
2012-03-18,34.0968
2012-03-19,1.6730999999999994
2012-03-20,1.5691000000000002
2012-03-21,18.801700000000004
2012-03-22,14.409899999999999
2012-03-23,-63.589400000000005
2012-03-24,1.1248
2012-03-25,-0.5932999999999999
2012-03-26,-0.5906000000000002
2012-03-27,4.950200000000001
2012-03-28,10.761999999999999
2012-03-29,3.6816999999999998
2012-03-30,-25.029200000000003
2012-03-31,11.2171
2012-04-01,4.607200000000001
2012-04-02,8.9065
2012-04-03,2.8129
2012-04-04,4.813899999999999
2012-04-05,4.037799999999999
2012-04-06,0.2234
2012-04-07,5.1251
2012-04-08,29.209500000000002
2012-04-09,18.3043
2012-04-10,13.171800000000001
2012-04-11,-1.9675
2012-04-12,5.847600000000002
2012-04-13,5.9666999999999994
2012-04-14,5.6591000000000005
2012-04-15,56.09540000000001
2012-04-16,5.0214
2012-04-17,8.220600000000001
2012-04-18,97.3182
2012-04-19,1.0273000000000003
2012-04-20,1.2643
2012-04-21,0.5840000000000001
2012-04-22,9.9408
2012-04-23,7.0748
2012-04-24,28.8733
2012-04-25,2.5315
2012-04-26,1.7763999999999995
2012-04-27,3.8206000000000007
2012-04-28,1.5279
2012-04-29,1.9647
2012-04-30,11.875700000000002
2012-05-01,-33.355199999999996
2012-05-02,4.360399999999999
2012-05-03,41.20499999999999
2012-05-04,10.3708
2012-05-05,5.4726
2012-05-06,5.254000000000001
2012-05-07,25.0944
2012-05-08,1.0626999999999995
2012-05-09,4.4882
2012-05-10,-2.092099999999999
2012-05-11,5.150199999999999
2012-05-12,4.7203
2012-05-13,1.1812
2012-05-14,4.3135
2012-05-15,17.349700000000002
2012-05-16,42.254999999999995
2012-05-17,5.6526
2012-05-18,-3.9456000000000007
2012-05-19,1.3439
2012-05-20,8.9047
2012-05-21,12.2825
2012-05-22,-0.6570000000000005
2012-05-23,-1.0055
2012-05-24,0.6848000000000002
2012-05-25,3.4504
2012-05-26,0.5918000000000001
2012-05-27,-1.6298000000000004
2012-05-28,1.1832999999999998
2012-05-29,16.252900000000004
2012-05-30,-0.8973999999999986
2012-05-31,5.427900000000001
2012-06-01,-2.4603999999999995
2012-06-02,0.02969999999999995
2012-06-03,1.0986999999999996
2012-06-04,4.832100000000002
2012-06-05,4.461399999999999
2012-06-06,22.925299999999996
2012-06-07,13.3795
2012-06-08,5.3999
2012-06-09,1.9711
2012-06-10,13.199399999999999
2012-06-11,-1.0679000000000003
2012-06-12,3.048899999999999
2012-06-13,12.591000000000001
2012-06-14,-2.3783999999999996
2012-06-15,6.541700000000001
2012-06-16,-0.4202
2012-06-17,8.7424
2012-06-18,10.6734
2012-06-19,7.304400000000001
2012-06-20,4.341800000000001
2012-06-21,0.40090000000000003
2012-06-22,-2.0641999999999996
2012-06-23,3.0500999999999996
2012-06-24,-14.577100000000002
2012-06-25,2.5694
2012-06-26,7.333199999999999
2012-06-27,-6.646199999999999
2012-06-28,-0.5761
2012-06-29,-8.778799999999999
2012-06-30,0.5859
2012-07-01,1.5345
2012-07-02,3.5059
2012-07-03,3.0812000000000004
2012-07-04,10.755300000000002
2012-07-05,2.9324
2012-07-06,160.83720000000002
2012-07-07,7.5145
2012-07-08,-1.2066000000000001
2012-07-09,13.2103
2012-07-10,0.031999999999999876
2012-07-11,0.0936999999999999
2012-07-12,3.4031999999999996
2012-07-13,0.9831999999999999
2012-07-14,8.1402
2012-07-15,0.37639999999999996
2012-07-16,6.067300000000001
2012-07-17,12.2285
2012-07-18,17.88240000000001
2012-07-19,0.87
2012-07-20,0.6425999999999997
2012-07-21,0.6597000000000002
2012-07-22,1.6276000000000002
2012-07-23,23.1792
2012-07-24,2.2388999999999997
2012-07-25,3.2942
2012-07-26,1.4618000000000002
2012-07-27,1.2136
2012-07-28,0.0
2012-07-29,-0.11320000000000008
2012-07-30,3.5912
2012-07-31,24.6181
2012-08-01,-6.3248999999999995
2012-08-02,2.0095
2012-08-03,6.5007
2012-08-04,2.0770999999999997
2012-08-05,0.6940999999999999
2012-08-06,-7.9349
2012-08-07,13.180900000000001
2012-08-08,4.7464
2012-08-09,1.4169
2012-08-10,0.7928
2012-08-11,-5.3231
2012-08-12,0.6653
2012-08-13,7.4119
2012-08-14,-0.1477
2012-08-15,1.412
2012-08-16,8.5876
2012-08-17,-4.7744
2012-08-18,0.6911
2012-08-19,-0.7717
2012-08-20,0.5023
2012-08-21,1.9764
2012-08-22,5.835000000000001
2012-08-23,2.9657
2012-08-24,-0.48090000000000005
2012-08-25,2.5013
2012-08-26,1.965
2012-08-27,2.5330000000000004
2012-08-28,2.4793
2012-08-29,1.8542999999999998
2012-08-30,15.649499999999998
2012-08-31,1.3208999999999997
2012-09-01,14.681900000000002
2012-09-02,1.9745000000000001
2012-09-03,10.3339
2012-09-04,1.8111
2012-09-05,18.018700000000003
2012-09-06,9.7594
2012-09-07,2.8890000000000002
2012-09-08,2.5387
2012-09-09,1.217
2012-09-10,6.468900000000001
2012-09-11,2.5088999999999997
2012-09-12,1.0110999999999999
2012-09-13,1.9154
2012-09-14,6.3338
2012-09-15,1.0425
2012-09-16,3.6574000000000004
2012-09-17,3.2794999999999996
2012-09-18,-3.1825
2012-09-19,-1.8557999999999995
2012-09-20,-11.525699999999999
2012-09-21,0.07799999999999996
2012-09-22,6.1292
2012-09-23,-3.5633
2012-09-24,3.0005
2012-09-25,-7.025800000000003
2012-09-26,2.7932000000000006
2012-09-27,0.2949000000000001
2012-09-28,0.2732000000000003
2012-09-29,6.4796000000000005
2012-09-30,-5.851800000000001
2012-10-01,11.2067
2012-10-02,7.543899999999999
2012-10-03,1.9299
2012-10-04,-5.8103
2012-10-05,1.8082000000000003
2012-10-06,1.4249999999999998
2012-10-07,3.5648999999999997
2012-10-08,-8.0186
2012-10-09,1.0629
2012-10-10,6.399799999999999
2012-10-11,13.9149
2012-10-12,-5.0468
2012-10-13,3.5744000000000007
2012-10-14,0.9775000000000003
2012-10-15,1.061
2012-10-16,-4.0918
2012-10-17,0.20549999999999993
2012-10-18,0.05719999999999992
2012-10-19,-17.044
2012-10-20,5.2700000000000005
2012-10-21,1.0836999999999999
2012-10-22,2.5634
2012-10-23,26.3553
2012-10-24,-6.185099999999999
2012-10-25,18.169300000000003
2012-10-26,0.4163000000000001
2012-10-27,0.35
2012-10-28,-1.2491
2012-10-29,12.2156
2012-10-30,7.3892000000000015
2012-10-31,6.8451
2012-11-01,17.3957
2012-11-02,-5.7913
2012-11-03,0.1605
2012-11-04,9.643
2012-11-05,0.28030000000000005
2012-11-06,2.1899
2012-11-07,5.6012
2012-11-08,15.4108
2012-11-09,9.725599999999998
2012-11-10,26.6034
2012-11-11,1.5070000000000001
2012-11-12,6.3155
2012-11-13,0.0
2012-11-14,-2.2559000000000005
2012-11-15,-0.23569999999999997
2012-11-16,0.8777999999999999
2012-11-17,10.102500000000001
2012-11-18,9.0072
2012-11-19,-5.3927000000000005
2012-11-20,1.0776
2012-11-21,19.7041
2012-11-22,8.152099999999999
2012-11-23,0.4797999999999994
2012-11-24,-12.631699999999999
2012-11-25,0.4814
2012-11-26,14.7759
2012-11-27,7.2424
2012-11-28,7.2221
2012-11-29,5.5550999999999995
2012-11-30,19.680300000000003
2012-12-01,1.4465000000000001
2012-12-02,3.629
2012-12-03,6.800000000000001
2012-12-04,4.6888000000000005
2012-12-05,31.7311
2012-12-06,6.2808
2012-12-07,3.6262999999999996
2012-12-08,0.0
2012-12-09,7.756600000000001
2012-12-10,21.2541
2012-12-11,-30.383300000000006
2012-12-12,-2.0096
2012-12-13,11.9299
2012-12-14,19.7619
2012-12-15,5.2225
2012-12-16,-0.9167000000000002
2012-12-17,6.2722000000000016
2012-12-18,3.4287000000000005
2012-12-19,0.557
2012-12-20,2.5303
2012-12-21,-4.4986
2012-12-22,1.8071000000000002
2012-12-23,7.9140999999999995
2012-12-24,0.0
2012-12-25,1.6404999999999998
2012-12-26,0.20619999999999994
2012-12-27,-0.5023
2012-12-28,11.1874
2012-12-29,-0.20340000000000003
2012-12-30,-7.1442
2012-12-31,-0.13269999999999998
2013-01-01,-0.8991000000000002
2013-01-02,6.0985000000000005
2013-01-03,13.3521
2013-01-04,0.6017999999999999
2013-01-05,60.0162
2013-01-06,10.4606
2013-01-07,5.7132
2013-01-08,0.8049999999999999
2013-01-09,83.0849
2013-01-10,-70.628
2013-01-11,479.2747000000001
2013-01-12,58.8979
2013-01-13,4.345000000000001
2013-01-14,15.444400000000002
2013-01-15,0.2678
2013-01-16,5.1119
2013-01-17,2.6437000000000004
2013-01-18,13.5864
2013-01-19,2.3473
2013-01-20,32.0558
2013-01-21,57.265400000000014
2013-01-22,6.000399999999999
2013-01-23,52.4678
2013-01-24,0.4005
2013-01-25,-40.4697
2013-01-26,-31.2948
2013-01-27,8.716
2013-01-28,10.5475
2013-01-29,13.260299999999999
2013-01-30,-19.194300000000002
2013-01-31,9.677999999999999
2013-02-01,-3.5545
2013-02-02,14.0596
2013-02-03,3.4197
2013-02-04,6.764400000000001
2013-02-05,26.5071
2013-02-06,0.1806000000000001
2013-02-07,1.2867
2013-02-08,0.3572
2013-02-09,0.26480000000000004
2013-02-10,-5.0873
2013-02-11,3.3213999999999997
2013-02-12,13.2666
2013-02-13,-0.5
2013-02-14,6.838099999999999
2013-02-15,-4.7668
2013-02-16,4.3816999999999995
2013-02-17,2.1479999999999997
2013-02-18,4.0641
2013-02-19,-4.8118
2013-02-20,2.281
2013-02-21,18.968300000000003
2013-02-22,8.4966
2013-02-23,11.390199999999998
2013-02-24,-0.21140000000000003
2013-02-25,41.573
2013-02-26,-11.335
2013-02-27,8.9756
2013-02-28,-10.0399
2013-03-01,6.895499999999999
2013-03-02,12.095699999999999
2013-03-03,-8.7773
2013-03-04,6.069500000000001
2013-03-05,0.4215
2013-03-06,0.10259999999999991
2013-03-07,108.15180000000001
2013-03-08,13.200000000000001
2013-03-09,10.7322
2013-03-10,-7.307499999999999
2013-03-11,-6.150499999999999
2013-03-12,0.3566000000000002
2013-03-13,0.7674
2013-03-14,-4.564399999999999
2013-03-15,1.8878000000000001
2013-03-16,2.1519
2013-03-17,1.9888
2013-03-18,8.3977
2013-03-19,0.536
2013-03-20,2.1911
2013-03-21,5.120299999999999
2013-03-22,7.2735
2013-03-23,-0.8225000000000007
2013-03-24,-11.464899999999998
2013-03-25,8.5719
2013-03-26,18.2295
2013-03-27,9.5419
2013-03-28,4.4214
2013-03-29,0.7146
2013-03-30,0.48410000000000003
2013-03-31,18.5274
2013-04-01,7.5276
2013-04-02,9.943999999999999
2013-04-03,1.2029
2013-04-04,19.7245
2013-04-05,1.4766
2013-04-06,0.6887000000000001
2013-04-07,6.9455
2013-04-08,-0.7908
2013-04-09,11.907499999999997
2013-04-10,-3.6437999999999997
2013-04-11,0.9749999999999999
2013-04-12,5.9254
2013-04-13,7.130300000000001
2013-04-14,-0.9102000000000003
2013-04-15,19.4794
2013-04-16,27.163299999999985
2013-04-17,1.4324
2013-04-18,10.348700000000001
2013-04-19,2.3787000000000003
2013-04-20,-1.8699
2013-04-21,1.9324
2013-04-22,7.419199999999998
2013-04-23,7.6394
2013-04-24,0.7283999999999999
2013-04-25,-5.1240000000000006
2013-04-26,-5.123799999999999
2013-04-27,2.5375
2013-04-28,1.8824
2013-04-29,19.3567
2013-04-30,18.7502
2013-05-01,-2.9632
2013-05-02,2.0651
2013-05-03,-1.0691000000000002
2013-05-04,4.8367
2013-05-05,0.4588
2013-05-06,3.3968000000000003
2013-05-07,5.1665
2013-05-08,1.3859
2013-05-09,84.60979999999999
2013-05-10,9.1116
2013-05-11,6.833300000000001
2013-05-12,-0.8955
2013-05-13,16.740000000000002
2013-05-14,9.675999999999998
2013-05-15,17.691700000000008
2013-05-16,-0.296
2013-05-17,-0.07599999999999996
2013-05-18,3.5126999999999997
2013-05-19,0.03410000000000013
2013-05-20,3.7530000000000006
2013-05-21,-0.27
2013-05-22,-2.3730999999999995
2013-05-23,1.3886999999999998
2013-05-24,8.6633
2013-05-25,-3.9259999999999997
2013-05-26,1.8982999999999999
2013-05-27,-2.9486999999999997
2013-05-28,19.8241
2013-05-29,0.6482
2013-05-30,6.9746999999999995
2013-05-31,8.267599999999998
2013-06-01,-1.6556000000000004
2013-06-02,0.5664
2013-06-03,-1.1341999999999999
2013-06-04,5.378499999999999
2013-06-05,-2.4858000000000002
2013-06-06,7.2052
2013-06-07,10.863299999999999
2013-06-08,-1.3451
2013-06-09,32.857499999999995
2013-06-10,3.4735000000000005
2013-06-11,-4.745599999999998
2013-06-12,0.22720000000000024
2013-06-13,4.2572
2013-06-14,4.850700000000002
2013-06-15,0.07769999999999955
2013-06-16,3.943399999999997
2013-06-17,2.8659
2013-06-18,50.56459999999998
2013-06-19,11.1125
2013-06-20,-13.930500000000002
2013-06-21,276.4721
2013-06-22,21.2872
2013-06-23,0.4404
2013-06-24,0.7654000000000001
2013-06-25,13.0949
2013-06-26,1.6806999999999999
2013-06-27,31.5686
2013-06-28,4.8283000000000005
2013-06-29,0.3453
2013-06-30,1.2253
2013-07-01,3.1671999999999976
2013-07-02,2.9702
2013-07-03,3.358499999999998
2013-07-04,20.893299999999996
2013-07-05,220.7037
2013-07-06,0.6322999999999999
2013-07-07,1.0912
2013-07-08,-1.4208999999999998
2013-07-09,17.0858
2013-07-10,1.0035
2013-07-11,5.3564
2013-07-12,15.069100000000002
2013-07-13,0.7973
2013-07-14,20.69
2013-07-15,1.2461000000000002
2013-07-16,3.5191
2013-07-17,8.2778
2013-07-18,4.3336
2013-07-19,0.9527
2013-07-20,1.0971000000000002
2013-07-21,1.743
2013-07-22,2.5665999999999998
2013-07-23,14.8586
2013-07-24,1.5083000000000002
2013-07-25,1.7997999999999998
2013-07-26,5.9028
2013-07-27,1.2881
2013-07-28,6.6453
2013-07-29,-6.480199999999999
2013-07-30,7.109499999999999
2013-07-31,-2.0175
2013-08-01,1.5850000000000002
2013-08-02,-14.578299999999999
2013-08-03,-1.4946000000000006
2013-08-04,2.5494000000000003
2013-08-05,2.6311999999999998
2013-08-06,-5.9221
2013-08-07,4.7253
2013-08-08,3.3311
2013-08-09,2.2037
2013-08-10,9.757899999999998
2013-08-11,1.2447
2013-08-12,0.41879999999999995
2013-08-13,1.4064999999999994
2013-08-14,0.4404
2013-08-15,1.2018
2013-08-16,5.2633
2013-08-17,0.6046999999999999
2013-08-18,-2.9595000000000002
2013-08-19,-0.261
2013-08-20,3.3308
2013-08-21,10.405400000000002
2013-08-22,9.063300000000002
2013-08-23,0.0
2013-08-24,25.4287
2013-08-25,18.872799999999998
2013-08-26,0.4588
2013-08-27,-3.8508999999999998
2013-08-28,5.7199
2013-08-29,2.1978
2013-08-30,11.8905
2013-08-31,3.9318
2013-09-01,29.6513
2013-09-02,-0.23190000000000005
2013-09-03,11.652899999999999
2013-09-04,-8.786399999999999
2013-09-05,-0.021499999999999908
2013-09-06,83.61749999999998
2013-09-07,34.9832
2013-09-08,0.3311
2013-09-09,1.5408999999999997
2013-09-10,37.5441
2013-09-11,20.3037
2013-09-12,12.6052
2013-09-13,-0.25209999999999994
2013-09-14,28.061600000000002
2013-09-15,-0.296
2013-09-16,4.242500000000001
2013-09-17,0.13869999999999993
2013-09-18,7.9908
2013-09-19,9.7456
2013-09-20,1.8638000000000003
2013-09-21,23.6136
2013-09-22,3.4253000000000036
2013-09-23,6.9458
2013-09-24,1.1636
2013-09-25,8.8443
2013-09-26,2.1384
2013-09-27,0.3554999999999999
2013-09-28,0.1926
2013-09-29,0.35040000000000004
2013-09-30,1.6086999999999998
2013-10-01,0.8939999999999999
2013-10-02,0.5036000000000002
2013-10-03,15.772099999999998
2013-10-04,2.0784000000000007
2013-10-05,15.420300000000001
2013-10-06,2.0195
2013-10-07,2.1538000000000004
2013-10-08,-0.4543999999999999
2013-10-09,0.0
2013-10-10,0.026600000000000068
2013-10-11,-0.6271000000000002
2013-10-12,3.9457000000000004
2013-10-13,-1.0394
2013-10-14,-0.3791
2013-10-15,-7.655099999999999
2013-10-16,65.31400000000001
2013-10-17,10.0165
2013-10-18,10.2336
2013-10-19,-5.402200000000001
2013-10-20,8.9633
2013-10-21,-2.5649
2013-10-22,4.6212
2013-10-23,-0.5179
2013-10-24,30.648200000000006
2013-10-25,10.0807
2013-10-26,28.4895
2013-10-27,142.7529
2013-10-28,6.7436
2013-10-29,1.0432
2013-10-30,1.7983000000000002
2013-10-31,-0.9317000000000001
2013-11-01,4.0564
2013-11-02,4.5113
2013-11-03,0.6735
2013-11-04,-0.24280000000000013
2013-11-05,18.5231
2013-11-06,0.524
2013-11-07,9.2668
2013-11-08,0.5495
2013-11-09,-0.38159999999999983
2013-11-10,8.706199999999999
2013-11-11,-0.6989000000000004
2013-11-12,-50.2223
2013-11-13,8.284000000000002
2013-11-14,-4.7785
2013-11-15,13.688600000000001
2013-11-16,8.7835
2013-11-17,-0.0772
2013-11-18,3.0072
2013-11-19,9.9406
2013-11-20,0.3056
2013-11-21,24.127000000000006
2013-11-22,8.3848
2013-11-23,2.7199
2013-11-24,-0.26269999999999993
2013-11-25,0.7302
2013-11-26,6.8925
2013-11-27,2.2664
2013-11-28,16.6079
2013-11-29,6.7161
2013-11-30,5.660000000000001
2013-12-01,8.8447
2013-12-02,4.136500000000001
2013-12-03,32.143499999999996
2013-12-04,-0.8542999999999995
2013-12-05,13.882500000000004
2013-12-06,20.794600000000003
2013-12-07,13.010899999999994
2013-12-08,17.6156
2013-12-09,9.4755
2013-12-10,-1.0662000000000003
2013-12-11,7.853000000000001
2013-12-12,1.9803000000000004
2013-12-13,20.421800000000005
2013-12-14,4.381000000000001
2013-12-15,15.897600000000002
2013-12-16,0.5152999999999998
2013-12-17,17.774699999999996
2013-12-18,28.501800000000003
2013-12-19,31.4701
2013-12-20,8.9414
2013-12-21,0.8461000000000001
2013-12-22,2.0021
2013-12-23,5.413
2013-12-24,4.1283
2013-12-25,2.404
2013-12-26,-0.8083
2013-12-27,1.3497
2013-12-28,1.1881
2013-12-29,-4.767
2013-12-30,3.2264000000000004
2013-12-31,60.55059999999999
2014-01-01,3.0972000000000004
2014-01-02,1.279
2014-01-03,2.3175
2014-01-04,4.571
2014-01-05,1.5539999999999998
2014-01-06,-0.3423999999999999
2014-01-07,2.4050000000000002
2014-01-08,6.0595
2014-01-09,2.4706
2014-01-10,6.101399999999999
2014-01-11,3.4941999999999998
2014-01-12,5.757599999999999
2014-01-13,1.0168
2014-01-14,2.5416999999999996
2014-01-15,3.8437
2014-01-16,0.9174
2014-01-17,2.9147
2014-01-18,2.4188
2014-01-19,1.3427
2014-01-20,-0.5673
2014-01-21,0.7213999999999998
2014-01-22,-0.5474
2014-01-23,1.0872000000000002
2014-01-24,3.6379
2014-01-25,2.3726
2014-01-26,1.8733
2014-01-27,3.8308999999999997
2014-01-28,2.0386
2014-01-29,14.657499999999999
2014-01-30,-1.1203000000000005
2014-01-31,2.4931
2014-02-01,0.2775999999999999
2014-02-02,1.1009
2014-02-03,2.0781
2014-02-04,0.9086
2014-02-05,3.2186
2014-02-06,-1.0018
2014-02-07,4.851500000000001
2014-02-08,1.256
2014-02-09,0.3205000000000001
2014-02-10,1.2152
2014-02-11,2.3806
2014-02-12,0.1822999999999998
2014-02-13,-1.5682
2014-02-14,0.6962999999999999
2014-02-15,-0.40590000000000004
2014-02-16,0.7
2014-02-17,1.302
2014-02-18,0.31839999999999996
2014-02-19,0.4201999999999999
2014-02-20,-1.0960999999999999
2014-02-21,2.9468
2014-02-22,13.1324
2014-02-23,-1.4208999999999996
2014-02-24,1.1295
2014-02-25,1.3375
2014-02-26,0.6950000000000001
2014-02-27,0.7781
2014-02-28,1.9708
2014-03-01,2.8752000000000004
2014-03-02,-0.5549999999999999
2014-03-03,-2.6899999999999995
2014-03-04,1.3927
2014-03-05,2.1441
2014-03-06,6.0014
2014-03-07,-0.11700000000000021
2014-03-08,2.7544
2014-03-09,1.6277
2014-03-10,-0.3612
2014-03-11,1.5442
2014-03-12,-0.6763
2014-03-13,0.40359999999999996
2014-03-14,1.0415
2014-03-15,4.9751
2014-03-16,4.3813
2014-03-17,1.7119000000000002
2014-03-18,4.0617
2014-03-19,5.342300000000001
2014-03-20,5.4546
2014-03-21,-0.45819999999999994
2014-03-22,1.9141
2014-03-23,-0.4448000000000001
2014-03-24,0.9824000000000002
2014-03-25,1.3239999999999998
2014-03-26,4.0376
2014-03-27,1.9913
2014-03-28,3.3484
2014-03-29,0.4407
2014-03-30,0.019199999999999995
2014-03-31,4.0925
2014-04-01,0.9606999999999999
2014-04-02,1.8638
2014-04-03,2.758800000000001
2014-04-04,5.5532
2014-04-05,1.9942999999999997
2014-04-06,1.0768
2014-04-07,1.7338000000000002
2014-04-08,3.8293999999999997
2014-04-09,-0.17789999999999995
2014-04-10,3.8803
2014-04-11,1.778
2014-04-12,1.7603
2014-04-13,4.7615
2014-04-14,2.3208
2014-04-15,2.8147
2014-04-16,-0.0036000000000002697
2014-04-17,1.7805
2014-04-18,1.2345000000000002
2014-04-19,1.3096
2014-04-20,3.7862999999999998
2014-04-21,2.1029
2014-04-22,2.6256
2014-04-23,3.4323999999999995
2014-04-24,4.4164
2014-04-25,0.12269999999999992
2014-04-26,3.3756000000000004
2014-04-27,-1.6475
2014-04-28,0.4127000000000001
2014-04-29,8.3418
2014-04-30,8.362900000000002
2014-05-01,-2.0416999999999996
2014-05-02,1.8440999999999999
2014-05-03,5.1515
2014-05-04,2.145
2014-05-05,1.6784000000000003
2014-05-06,2.9881
2014-05-07,1.9124
2014-05-08,-0.11699999999999999
2014-05-09,0.025000000000000133
2014-05-10,2.5647
2014-05-11,3.2039999999999997
2014-05-12,2.0215
2014-05-13,0.7497999999999998
2014-05-14,3.5577
2014-05-15,1.3554
2014-05-16,2.5484999999999998
2014-05-17,7.8447000000000005
2014-05-18,10.1247
2014-05-19,3.5296000000000003
2014-05-20,3.8001999999999994
2014-05-21,7.6326
2014-05-22,2.6319999999999997
2014-05-23,17.0314
2014-05-24,1.0836999999999999
2014-05-25,-0.041299999999999906
2014-05-26,0.47630000000000006
2014-05-27,5.775500000000001
2014-05-28,-0.7096
2014-05-29,1.2828
2014-05-30,1.1211
2014-05-31,3.8187999999999995
2014-06-01,1.8234
2014-06-02,2.8863
2014-06-03,1.7836
2014-06-04,1.7282
2014-06-05,0.2931
2014-06-06,1.1074
2014-06-07,7.6716
2014-06-08,1.2425000000000002
2014-06-09,1.7719999999999998
2014-06-10,2.9209
2014-06-11,5.681800000000001
2014-06-12,2.7298999999999998
2014-06-13,2.5942000000000003
2014-06-14,4.9255
2014-06-15,-1.2969000000000002
2014-06-16,-1.5371000000000001
2014-06-17,0.4282
2014-06-18,1.6551
2014-06-19,3.2589999999999995
2014-06-20,3.089
2014-06-21,-0.41640000000000005
2014-06-22,0.6880999999999999
2014-06-23,0.2046
2014-06-24,-0.9464
2014-06-25,2.7441
2014-06-26,7.225700000000001
2014-06-27,0.5825
2014-06-28,0.8457999999999999
2014-06-29,1.5767999999999998
2014-06-30,5.0543
2014-07-01,5.8309
2014-07-02,0.1929
2014-07-03,10.3658
2014-07-04,3.787499999999999
2014-07-05,2.3434
2014-07-06,3.9385999999999997
2014-07-07,3.8563
2014-07-08,0.5176
2014-07-09,6.203
2014-07-10,3.7818
2014-07-11,2.9128
2014-07-12,2.0401000000000002
2014-07-13,1.0317
2014-07-14,-0.3326000000000001
2014-07-15,-0.5423
2014-07-16,3.3414
2014-07-17,5.222
2014-07-18,2.4969
2014-07-19,0.22210000000000008
2014-07-20,5.776300000000001
2014-07-21,1.0726999999999998
2014-07-22,0.19119999999999993
2014-07-23,0.0258
2014-07-24,2.0021
2014-07-25,-0.07710000000000006
2014-07-26,1.8497000000000003
2014-07-27,2.053
2014-07-28,1.4838
2014-07-29,1.6583999999999999
2014-07-30,1.6065999999999998
2014-07-31,1.6473999999999998
2014-08-01,7.0437
2014-08-02,3.8019999999999996
2014-08-03,5.9433
2014-08-04,2.1466000000000003
2014-08-05,4.587200000000001
2014-08-06,2.8946
2014-08-07,3.7766
2014-08-08,3.3980000000000006
2014-08-09,25.4088
2014-08-10,84.6356
2014-08-11,0.27040000000000003
2014-08-12,3.3308000000000004
2014-08-13,1.2859000000000003
2014-08-14,-11.2593
2014-08-15,-3.445099999999999
2014-08-17,-4.974500000000001
2014-08-18,0.20160000000000006
2014-08-19,1.0797
2014-08-20,1.7506
2014-08-21,2.0427
2014-08-22,3.7021999999999995
2014-08-23,1.0705
2014-08-24,1.7434999999999998
2014-08-25,0.22530000000000006
2014-08-26,0.4404
2014-08-27,1.0224
2014-08-28,0.36019999999999996
2014-08-29,2.855
2014-08-30,1.1852
2014-08-31,0.6369
2014-09-01,2.3562
2014-09-02,3.7371000000000008
2014-09-03,2.5211
2014-09-04,2.5383000000000004
2014-09-05,3.971
2014-09-06,1.5408000000000002
2014-09-07,-1.1378
2014-09-08,3.5272999999999994
2014-09-09,6.407700000000001
2014-09-10,4.202699999999999
2014-09-11,5.0279
2014-09-12,4.9806
2014-09-13,1.4987999999999997
2014-09-14,3.4597
2014-09-15,1.25
2014-09-16,2.4822999999999995
2014-09-17,1.7025
2014-09-18,1.8221000000000003
2014-09-19,5.1567
2014-09-20,3.8324
2014-09-21,0.18230000000000013
2014-09-22,1.1853000000000002
2014-09-23,6.2113
2014-09-24,0.3801
2014-09-25,1.3391
2014-09-26,0.7103
2014-09-27,4.5714
2014-09-28,1.7902
2014-09-29,1.2545
2014-09-30,4.5091
2014-10-01,2.848
2014-10-02,2.2412
2014-10-03,-0.5908
2014-10-04,0.6124
2014-10-05,2.3914
2014-10-06,0.33370000000000005
2014-10-07,-3.1463
2014-10-08,3.0091999999999994
2014-10-09,2.5234
2014-10-10,-0.0015999999999999903
2014-10-11,2.9149000000000003
2014-10-12,0.009700000000000042
2014-10-13,-0.05920000000000003
2014-10-14,2.5339
2014-10-15,0.7615999999999999
2014-10-16,0.9612999999999999
2014-10-17,4.2443
2014-10-18,3.1637
2014-10-19,0.8945
2014-10-20,39.032000000000004
2014-10-21,5.433
2014-10-22,2.2798
2014-10-23,1.3513
2014-10-24,1.3737
2014-10-25,-0.2989
2014-10-26,2.4976000000000003
2014-10-27,3.627
2014-10-28,1.5455
2014-10-29,1.8946999999999998
2014-10-30,2.5095
2014-10-31,1.3121
2014-11-01,1.1907999999999999
2014-11-02,0.9763000000000002
2014-11-03,0.8382999999999998
2014-11-04,1.9057999999999997
2014-11-05,5.819599999999999
2014-11-06,0.6819999999999999
2014-11-07,0.7277
2014-11-08,4.6246
2014-11-09,5.2735
2014-11-10,1.0086
2014-11-11,7.8466000000000005
2014-11-12,3.4628
2014-11-13,-0.08850000000000002
2014-11-14,1.2589
2014-11-15,2.2459
2014-11-16,0.0
2014-11-17,1.1952000000000003
2014-11-18,3.3605
2014-11-19,0.7351
2014-11-20,1.4654
2014-11-21,-5.797099999999999
2014-11-22,4.939400000000001
2014-11-23,2.4331
2014-11-24,0.9807999999999999
2014-11-25,0.8550000000000001
2014-11-26,0.23170000000000002
2014-11-27,1.0533
2014-11-28,1.0898999999999999
2014-11-29,1.7064
2014-11-30,1.1236000000000002
2014-12-01,0.7162000000000002
2014-12-02,0.1818
2014-12-03,0.7355999999999999
2014-12-04,10.54
2014-12-05,1.7235
2014-12-06,2.5665
2014-12-07,0.7644
2014-12-08,3.3871999999999995
2014-12-09,1.9407999999999999
2014-12-10,8.899
2014-12-11,22.4609
2014-12-12,2.0888
2014-12-13,1.3254999999999997
2014-12-14,1.9131
2014-12-15,6.2349000000000006
2014-12-16,2.4034
2014-12-17,2.5567
2014-12-18,6.2108
2014-12-19,3.3633000000000006
2014-12-20,1.0014
2014-12-21,1.2134
2014-12-22,0.11549999999999994
2014-12-23,0.3818
2014-12-24,1.0376999999999996
2014-12-25,0.0
2014-12-26,0.6597
2014-12-27,2.2528
2014-12-28,0.702
2014-12-29,0.32109999999999994
2014-12-30,0.4812
2014-12-31,1.3255000000000001
2015-01-01,26.6424
2015-01-02,2.6488
2015-01-03,12.884900000000002
2015-01-04,3.8053
2015-01-05,3.294
2015-01-06,4.764900000000001
2015-01-07,16.668200000000002
2015-01-08,34.72
2015-01-09,1.4333
2015-01-10,-0.2235999999999999
2015-01-11,0.7601
2015-01-12,2.3618
2015-01-13,0.4637
2015-01-14,0.8175999999999999
2015-01-15,-8.144100000000002
2015-01-16,-0.09709999999999991
2015-01-17,-0.3072000000000001
2015-01-18,0.04239999999999999
2015-01-19,6.814600000000002
2015-01-20,0.044999999999999984
2015-01-21,0.8493999999999996
2015-01-22,0.9493
2015-01-23,-152.6821
2015-01-24,1.7963999999999993
2015-01-25,-0.296
2015-01-26,73.4977
2015-01-27,7.4244
2015-01-28,12.1877
2015-01-29,4.771100000000001
2015-01-30,34.041999999999994
2015-01-31,3.3944
2015-02-01,0.7988
2015-02-02,1.7642
2015-02-03,11.961
2015-02-04,9.348700000000001
2015-02-05,32.3339
2015-02-06,4.4349
2015-02-07,-5.1324000000000005
2015-02-08,0.48960000000000004
2015-02-09,6.6315
2015-02-10,30.8698
2015-02-11,7.6094
2015-02-12,30.613099999999996
2015-02-13,3.8342
2015-02-14,27.1557
2015-02-15,-0.2732
2015-02-16,8.862499999999999
2015-02-17,16.2577
2015-02-18,24.956000000000003
2015-02-19,77.23719999999999
2015-02-20,6.050000000000001
2015-02-21,-7.0268999999999995
2015-02-22,9.4949
2015-02-23,28.2534
2015-02-24,0.1640999999999998
2015-02-25,7.3345
2015-02-26,9.1638
2015-02-27,2.8181
2015-02-28,10.827499999999999
2015-03-01,43.279999999999994
2015-03-02,0.0772
2015-03-03,9.835500000000001
2015-03-04,0.5106
2015-03-05,-4.346
2015-03-06,3.1867
2015-03-07,32.77590000000001
2015-03-08,1.3801
2015-03-09,138.579
2015-03-10,0.7137
2015-03-11,31.6518
2015-03-12,5.452999999999999
2015-03-13,-653.3051
2015-03-14,65.49479999999998
2015-03-15,70.2261
2015-03-16,-2.424699999999999
2015-03-17,39.5708
2015-03-18,0.5074999999999998
2015-03-19,-13.632599999999998
2015-03-20,61.5766
2015-03-21,6.839
2015-03-22,16.173600000000004
2015-03-23,140.1685
2015-03-24,15.2301
2015-03-25,30.4387
2015-03-26,87.0582
2015-03-27,-3.5695000000000006
2015-03-28,25.9017
2015-03-29,0.8273
2015-03-30,4.215
2015-03-31,-2.8362999999999996
2015-04-01,9.5955
2015-04-02,-3.3024999999999998
2015-04-03,4.044600000000001
2015-04-04,1.4431
2015-04-05,0.5726000000000001
2015-04-06,9.7793
2015-04-07,8.6388
2015-04-08,3.4875999999999996
2015-04-09,2.6354999999999995
2015-04-10,8.5099
2015-04-11,12.0367
2015-04-12,17.5205
2015-04-13,3.311
2015-04-14,2.907
2015-04-15,-0.18770000000000064
2015-04-16,2.7785
2015-04-17,8.6862
2015-04-18,8.7969
2015-04-19,3.4007999999999994
2015-04-20,-1.1023
2015-04-21,0.8781999999999999
2015-04-22,1.9306
2015-04-23,0.2528
2015-04-24,0.8127
2015-04-25,10.536700000000002
2015-04-26,0.5226
2015-04-27,39.27749999999999
2015-04-28,25.215900000000005
2015-04-29,-0.9453
2015-04-30,7.6116
2015-05-01,8.884899999999998
2015-05-02,7.7796
2015-05-03,2.0751000000000004
2015-05-04,5.5667
2015-05-05,0.23059999999999997
2015-05-06,12.6538
2015-05-07,1.5636999999999999
2015-05-08,-2.759200000000002
2015-05-09,1.7769
2015-05-10,0.49379999999999996
2015-05-11,18.7956
2015-05-12,2.8229999999999995
2015-05-13,2.0185
2015-05-14,11.2574
2015-05-15,-0.7964
2015-05-16,6.0181
2015-05-17,-1.2546000000000002
2015-05-18,10.2892
2015-05-19,5.7981
2015-05-20,-0.5396000000000003
2015-05-21,-1.3021000000000003
2015-05-22,4.2368
2015-05-23,6.8892999999999995
2015-05-24,-0.045999999999999985
2015-05-25,0.9628999999999999
2015-05-26,-5.238600000000002
2015-05-27,16.8111
2015-05-28,12.9138
2015-05-29,5.6509
2015-05-30,9.9675
2015-05-31,-2.0090000000000003
2015-06-01,-9.156699999999997
2015-06-02,3.8099999999999996
2015-06-03,-11.402499999999998
2015-06-04,-1.0539000000000005
2015-06-05,-1.9259000000000004
2015-06-06,18.8226
2015-06-07,22.092
2015-06-08,11.228400000000002
2015-06-09,6.7603
2015-06-10,14.6742
2015-06-11,11.748899999999999
2015-06-12,0.7531
2015-06-13,27.4119
2015-06-14,-1.6587999999999994
2015-06-15,10.4021
2015-06-16,20.716400000000004
2015-06-17,5.0089
2015-06-18,20.352100000000007
2015-06-19,-12.415299999999997
2015-06-20,15.6385
2015-06-21,1.3041
2015-06-22,1.1423999999999999
2015-06-23,9.4342
2015-06-24,0.4745999999999998
2015-06-25,11.305600000000002
2015-06-26,1.3929000000000005
2015-06-27,14.554800000000002
2015-06-28,-4.4375
2015-06-29,5.5069
2015-06-30,22.011400000000002
2015-07-01,-1.4652000000000005
2015-07-02,10.3148
2015-07-03,44.465599999999995
2015-07-04,9.094199999999999
2015-07-05,23.372999999999998
2015-07-06,5.716100000000001
2015-07-07,-1.8371999999999984
2015-07-08,8.444999999999999
2015-07-09,7.1404
2015-07-10,3.2351
2015-07-11,1.7237999999999998
2015-07-12,27.1488
2015-07-13,2.2843
2015-07-14,3.5443
2015-07-15,9.811100000000003
2015-07-16,27.3142
2015-07-17,7.0673
2015-07-18,23.966899999999995
2015-07-19,31.729
2015-07-20,15.604900000000002
2015-07-21,28.322400000000002
2015-07-22,8.0092
2015-07-23,1.4531
2015-07-24,0.7685000000000001
2015-07-25,-2.1849000000000003
2015-07-26,17.705
2015-07-27,8.8128
2015-07-28,-0.05459999999999998
2015-07-29,7.792800000000002
2015-07-30,-4.0516
2015-07-31,5.9193999999999996
2015-08-01,13.551099999999998
2015-08-02,15.27720000000001
2015-08-03,5.1446000000000005
2015-08-04,24.7905
2015-08-05,21.0737
2015-08-06,3.2944000000000004
2015-08-07,-9.659199999999997
2015-08-08,14.049900000000001
2015-08-09,0.765
2015-08-10,72.5217
2015-08-11,5.751100000000001
2015-08-12,7.936500000000001
2015-08-13,10.003099999999998
2015-08-14,20.083900000000003
2015-08-15,7.349900000000002
2015-08-16,49.825799999999994
2015-08-17,0.2023
2015-08-18,14.1314
2015-08-19,3.7006
2015-08-20,2.1579
2015-08-21,6.897199999999999
2015-08-22,1.5837
2015-08-23,20.2326
2015-08-24,1.4416999999999998
2015-08-25,28.27210000000001
2015-08-26,27.5146
2015-08-27,5.0892
2015-08-28,21.213000000000015
2015-08-29,-3.5045
2015-08-30,-3.4991000000000008
2015-08-31,1.7278
2015-09-01,0.6553
2015-09-02,7.279800000000001
2015-09-03,5.584199999999999
2015-09-04,0.8736
2015-09-05,15.2458
2015-09-06,1.9594
2015-09-07,-0.9392
2015-09-08,5.6450000000000005
2015-09-09,13.4807
2015-09-10,12.3534
2015-09-11,9.9789
2015-09-12,1.4236
2015-09-13,-0.07039999999999999
2015-09-14,-0.296
2015-09-15,1.3908
2015-09-16,10.9877
2015-09-17,1.0337
2015-09-18,2.7257
2015-09-19,2.8124000000000002
2015-09-20,0.3324
2015-09-21,7.735900000000001
2015-09-22,17.5789
2015-09-23,19.557599999999997
2015-09-24,-2.2852000000000006
2015-09-25,12.9962
2015-09-26,0.4634000000000001
2015-09-27,1.1883000000000001
2015-09-28,-0.13740000000000063
2015-09-29,7.2372000000000005
2015-09-30,11.209399999999999
2015-10-01,2.2318
2015-10-02,11.896100000000002
2015-10-03,14.2642
2015-10-04,0.0
2015-10-05,-1.4363000000000001
2015-10-06,27.491799999999994
2015-10-07,3.028
2015-10-08,1.8380999999999998
2015-10-09,7.733900000000001
2015-10-10,16.4162
2015-10-11,1.9632
2015-10-12,4.912100000000001
2015-10-13,10.8026
2015-10-14,9.878800000000002
2015-10-15,11.418700000000003
2015-10-16,-1.0932
2015-10-17,-4.341100000000001
2015-10-18,9.5847
2015-10-19,0.625
2015-10-20,7.1593
2015-10-21,0.5511
2015-10-22,23.887000000000008
2015-10-23,2.8667999999999996
2015-10-24,8.573
2015-10-25,-0.2272
2015-10-26,3.176
2015-10-27,6.7553
2015-10-28,0.6173
2015-10-29,8.820300000000001
2015-10-30,39.275200000000005
2015-10-31,49.2614
2015-11-01,-0.5252
2015-11-02,-0.374
2015-11-03,-0.05369999999999986
2015-11-04,29.79180000000001
2015-11-05,32.8872
2015-11-06,6.592600000000001
2015-11-07,5.740200000000001
2015-11-08,6.7863999999999995
2015-11-09,5.4780999999999995
2015-11-10,65.5522
2015-11-11,1.611
2015-11-12,7.817100000000001
2015-11-13,39.5566
2015-11-14,-0.4955000000000005
2015-11-15,-1.027
2015-11-16,11.5279
2015-11-17,13.9263
2015-11-18,1.7202
2015-11-19,18.474
2015-11-20,1.1166999999999998
2015-11-21,0.49949999999999994
2015-11-22,18.1997
2015-11-23,5.350600000000001
2015-11-24,2.8981
2015-11-25,73.06640000000002
2015-11-26,12.7072
2015-11-27,104.37270000000001
2015-11-28,0.022799999999999987
2015-11-29,-0.07229999999999998
2015-11-30,7.0661000000000005
2015-12-01,7.4874
2015-12-02,8.0681
2015-12-03,2.6465
2015-12-04,10.392800000000003
2015-12-05,76.791
2015-12-06,4.4554
2015-12-07,1.8034000000000003
2015-12-08,32.3107
2015-12-09,-0.4939
2015-12-10,16.702599999999997
2015-12-11,0.40189999999999987
2015-12-12,23.4197
2015-12-13,1.9078999999999997
2015-12-14,5.2943
2015-12-15,7.325799999999999
2015-12-16,0.6586
2015-12-17,-0.5208
2015-12-18,0.2966
2015-12-19,1.048
2015-12-20,1.6657
2015-12-21,26.1529
2015-12-22,5.026999999999999
2015-12-23,17.524900000000002
2015-12-24,0.8916000000000001
2015-12-25,7.4539
2015-12-26,0.20879999999999999
2015-12-27,0.16799999999999998
2015-12-28,0.812
2015-12-29,0.4582999999999998
2015-12-30,0.2732
2015-12-31,5.4232000000000005
2016-01-01,2.7
2016-01-02,8.5664
2016-01-03,-0.30340000000000006
2016-01-04,5.1675
2016-01-05,2.3458
2016-01-06,7.402100000000001
2016-01-07,5.2620000000000005
2016-01-08,6.1813
2016-01-09,0.4969
2016-01-10,14.564599999999999
2016-01-11,3.005
2016-01-12,11.9658
2016-01-13,0.5263
2016-01-14,0.5089
2016-01-15,-3.1090999999999998
2016-01-16,10.3749
2016-01-17,31.176
2016-01-18,24.0539
2016-01-19,35.079899999999995
2016-01-20,0.23160000000000003
2016-01-21,1.6568
2016-01-22,4.3050999999999995
2016-01-23,-1.5554999999999999
2016-01-24,0.0
2016-01-25,0.13020000000000004
2016-01-26,1.2749
2016-01-27,20.287899999999997
2016-01-28,2.6962
2016-01-29,9.491
2016-01-30,0.21200000000000002
2016-01-31,1.4238
2016-02-01,0.5635
2016-02-02,-44.9432
2016-02-03,13.3924
2016-02-04,0.46909999999999985
2016-02-05,-14.3631
2016-02-06,0.715
2016-02-07,1.3164
2016-02-08,-2.9211
2016-02-09,-0.2732
2016-02-10,1.3246
2016-02-11,-26.230999999999995
2016-02-12,56.98099999999999
2016-02-13,0.0
2016-02-14,0.0
2016-02-15,0.7906
2016-02-16,0.5935
2016-02-17,6.039100000000001
2016-02-18,1.8281
2016-02-19,0.8447
2016-02-20,0.4939
2016-02-21,1.6234000000000002
2016-02-22,0.10690000000000005
2016-02-23,6.673900000000001
2016-02-24,-0.35050000000000014
2016-02-25,19.348599999999998
2016-02-26,31.761300000000002
2016-02-27,0.6151
2016-02-28,1.264
2016-02-29,-0.079
2016-03-01,0.06390000000000001
2016-03-02,30.4577
2016-03-03,16.7958
2016-03-04,0.6369
2016-03-05,1.9983
2016-03-06,8.6536
2016-03-07,32.099599999999995
2016-03-08,11.988000000000001
2016-03-09,15.493800000000002
2016-03-10,8.2997
2016-03-11,-0.5423
2016-03-12,-0.7506
2016-03-13,6.2490000000000006
2016-03-14,12.217799999999999
2016-03-15,-3.1862
2016-03-16,-0.8411
2016-03-17,1.28
2016-03-18,0.0
2016-03-19,0.0
2016-03-20,0.5
2016-03-21,1.0798
2016-03-22,12.7727
2016-03-23,0.6687
2016-03-24,0.5458999999999999
2016-03-25,0.4046
2016-03-26,5.994000000000001
2016-03-27,35.685900000000004
2016-03-28,-0.4646
2016-03-29,5.4821
2016-03-30,14.310500000000001
2016-03-31,0.13040000000000002
2016-04-01,10.215
2016-04-02,1.703
2016-04-03,0.6794
2016-04-04,44.8069
2016-04-05,-0.7422
2016-04-06,63.7976
2016-04-07,-12.775400000000001
2016-04-08,5.0755
2016-04-09,6.1240000000000006
2016-04-10,-0.9186000000000001
2016-04-11,1.7033999999999998
2016-04-12,0.07049999999999995
2016-04-13,7.9129000000000005
2016-04-14,-1.312899999999999
2016-04-15,0.6296
2016-04-16,-0.34759999999999996
2016-04-17,12.3429
2016-04-18,-2.5214000000000003
2016-04-19,-14.607700000000001
2016-04-20,-12.645
2016-04-21,-12.0128
2016-04-22,-0.2724000000000001
2016-04-23,0.891
2016-04-24,7.9228000000000005
2016-04-25,0.3459
2016-04-26,19.6172
2016-04-27,4.689500000000001
2016-04-28,20.739
2016-04-29,41.6389
2016-04-30,-0.2326000000000007
2016-05-01,0.3202999999999999
2016-05-02,1.0878999999999999
2016-05-03,0.0
2016-05-04,-5.915900000000001
2016-05-05,42.9201
2016-05-06,4.9411
2016-05-07,3.8885
2016-05-08,0.0516
2016-05-09,-8.5664
2016-05-10,-0.5721999999999998
2016-05-11,0.2759
2016-05-12,25.1854
2016-05-13,16.0531
2016-05-14,-6.3419
2016-05-15,-0.06230000000000008
2016-05-16,0.9221999999999999
2016-05-17,-2.4512000000000005
2016-05-18,-1.7896999999999998
2016-05-19,-0.46229999999999993
2016-05-20,-1.5426000000000002
2016-05-21,7.4323999999999995
2016-05-22,6.862799999999999
2016-05-23,-0.20749999999999985
2016-05-24,1.4546
2016-05-25,6.3965
2016-05-26,0.8016000000000001
2016-05-27,1.4031
2016-05-28,0.5131
2016-05-29,1.4034
2016-05-30,-0.4087
2016-05-31,0.13090000000000002
2016-06-01,0.522
2016-06-02,3.0061000000000004
2016-06-03,0.5543
2016-06-04,0.0772
2016-06-05,67.83160000000001
2016-06-06,-9.4816
2016-06-07,1.3205
2016-06-08,2.1069
2016-06-09,4.2238999999999995
2016-06-10,1.0509
2016-06-11,-0.17219999999999996
2016-06-12,9.040099999999999
2016-06-13,0.5052999999999999
2016-06-14,6.6385000000000005
2016-06-15,10.9424
2016-06-16,7.4679
2016-06-17,-2.8323999999999994
2016-06-18,-10.960600000000001
2016-06-19,0.4215
2016-06-20,0.3262
2016-06-21,1.2004
2016-06-22,0.08400000000000002
2016-06-23,264.69769999999994
2016-06-24,126.64320000000001
2016-06-25,-8.703000000000001
2016-06-26,2.051
2016-06-27,5.831799999999999
2016-06-28,1.3039999999999998
2016-06-29,4.43
2016-06-30,0.9498
2016-07-01,-0.48549999999999993
2016-07-02,16.823
2016-07-03,44.155
2016-07-04,0.16099999999999998
2016-07-05,9.2822
2016-07-06,1.3344000000000003
2016-07-07,8.1009
2016-07-08,11.974099999999998
2016-07-09,1.0741
2016-07-10,30.2325
2016-07-11,-3.4305
2016-07-12,6.5928
2016-07-13,0.5267
2016-07-14,13.9592
2016-07-15,9.0543
2016-07-16,-0.21629999999999994
2016-07-17,0.7351
2016-07-18,5.2777
2016-07-19,6.1834
2016-07-20,3.1875
2016-07-21,7.9178999999999995
2016-07-22,5.3769
2016-07-23,4.4767
2016-07-24,10.1196
2016-07-25,2.3278999999999996
2016-07-26,0.6908
2016-07-27,-0.12230000000000002
2016-07-28,1.4782
2016-07-29,0.3794
2016-07-30,2.1216
2016-07-31,0.2572
2016-08-01,3.1905
2016-08-02,0.2732
2016-08-03,2.1349
2016-08-04,0.6808
2016-08-05,46.5652
2016-08-06,4.2875
2016-08-07,0.4588
2016-08-08,21.369999999999997
2016-08-09,0.6786000000000001
2016-08-10,8.8704
2016-08-11,-0.3182
2016-08-12,50.5614
2016-08-13,62.466
2016-08-14,1.6777
2016-08-15,0.34
2016-08-16,3.4543
2016-08-17,0.6486
2016-08-18,0.13480000000000003
2016-08-19,0.552
2016-08-20,-1.441
2016-08-21,10.5368
2016-08-22,4.9797
2016-08-23,0.0
2016-08-24,-0.08679999999999999
2016-08-25,0.3612
2016-08-26,0.8784000000000001
2016-08-27,0.7671
2016-08-28,5.106000000000001
2016-08-29,1.2146
2016-08-30,8.655999999999999
2016-08-31,0.9209
2016-09-01,0.5443
2016-09-02,18.6303
2016-09-03,1.0043
2016-09-04,-0.7003
2016-09-05,0.0
2016-09-06,-0.5859
2016-09-07,0.8161
2016-09-08,0.06529999999999991
2016-09-09,13.921899999999999
2016-09-10,0.0
2016-09-11,0.743
2016-09-12,-0.34940000000000004
2016-09-13,1.1714
2016-09-14,8.0268
2016-09-15,22.0911
2016-09-16,3.8600000000000003
2016-09-17,-0.1255
2016-09-18,6.364
2016-09-19,0.5267
2016-09-20,7.0003
2016-09-21,9.876000000000001
2016-09-22,0.3062
2016-09-23,-11.896700000000001
2016-09-24,0.3818
2016-09-25,9.1486
2016-09-26,0.5163999999999996
2016-09-27,5.4951
2016-09-28,2.5445
2016-09-29,0.8423
2016-09-30,0.4588
2016-10-01,-0.8032999999999999
2016-10-02,-0.5106
2016-10-03,0.5306
2016-10-04,-4.852100000000001
2016-10-05,-2.482
2016-10-06,-13.000899999999996
2016-10-07,0.45230000000000004
2016-10-08,0.3612
2016-10-09,9.6324
2016-10-10,0.128
2016-10-11,1.2391
2016-10-12,2.9466000000000006
2016-10-13,1.399
2016-10-14,5.1022
2016-10-15,5.718999999999999
2016-10-16,8.931899999999999
2016-10-17,-0.44270000000000004
2016-10-18,4.767
2016-10-19,10.1615
2016-10-20,20.4125
2016-10-21,9.187299999999999
2016-10-22,13.8815
2016-10-23,1.6198000000000001
2016-10-24,0.5106
2016-10-25,12.394799999999998
2016-10-26,-2.7310000000000003
2016-10-27,9.2176
2016-10-28,-3.262
2016-10-29,157.8849
2016-10-30,1.28
2016-10-31,0.0
2016-11-01,-7.3767000000000005
2016-11-02,6.602
2016-11-03,13.0418
2016-11-04,15.847000000000001
2016-11-05,0.0
2016-11-06,53.628
2016-11-07,18.5505
2016-11-08,3.1881000000000004
2016-11-09,-31.1427
2016-11-10,0.5041
2016-11-11,0.4588
2016-11-12,10.091200000000002
2016-11-13,1.116
2016-11-14,0.9770000000000001
2016-11-15,-7.388000000000002
2016-11-16,29.055899999999998
2016-11-17,1.6494
2016-11-18,-0.296
2016-11-19,1.1585
2016-11-20,0.2732
2016-11-21,-12.025399999999998
2016-11-22,-10.3635
2016-11-23,0.802
2016-11-24,0.8038
2016-11-25,26.157099999999996
2016-11-26,0.5574
2016-11-27,7.294899999999999
2016-11-28,-4.706800000000001
2016-11-29,19.479400000000002
2016-11-30,0.21549999999999997
2016-12-01,27.1858
2016-12-02,36.0588
2016-12-03,-0.2732
2016-12-04,-0.6249
2016-12-05,0.4215
2016-12-06,6.2875
2016-12-07,7.8888
2016-12-08,0.9378
2016-12-09,0.5994
2016-12-10,9.3797
2016-12-11,-6.097800000000002
2016-12-12,1.1723999999999999
2016-12-13,-0.7009
2016-12-14,-2.7438000000000002
2016-12-15,0.5994
2016-12-16,-0.25
2016-12-17,1.2297
2016-12-18,0.3818
2016-12-19,-0.6487999999999998
2016-12-20,31.8206
2016-12-21,0.0
2016-12-22,0.3707
2016-12-23,-2.023
2016-12-24,0.6369
2016-12-25,21.692
2016-12-26,0.8225
2016-12-27,0.07590000000000001
2016-12-28,0.6518999999999999
2016-12-29,7.5317
2016-12-30,2.4411
2016-12-31,0.3818
